Seeding database...
Database reset
data { user: null, session: null }
error AuthApiError: User already registered
    at handleError (/Users/benstokoe/projects/it-takes-a-village/node_modules/@supabase/auth-js/src/lib/fetch.ts:102:9)
    at process.processTicksAndRejections (node:internal/process/task_queues:95:5)
    at _handleRequest (/Users/benstokoe/projects/it-takes-a-village/node_modules/@supabase/auth-js/src/lib/fetch.ts:195:5)
    at _request (/Users/benstokoe/projects/it-takes-a-village/node_modules/@supabase/auth-js/src/lib/fetch.ts:157:16)
    at SupabaseAuthClient.signUp (/Users/benstokoe/projects/it-takes-a-village/node_modules/@supabase/auth-js/src/GoTrueClient.ts:460:15)
    at main (/Users/benstokoe/projects/it-takes-a-village/seed.ts:48:29) {
  __isAuthError: true,
  status: 422,
  code: 'user_already_exists'
}
data { user: null, session: null }
error AuthApiError: User already registered
    at handleError (/Users/benstokoe/projects/it-takes-a-village/node_modules/@supabase/auth-js/src/lib/fetch.ts:102:9)
    at process.processTicksAndRejections (node:internal/process/task_queues:95:5)
    at _handleRequest (/Users/benstokoe/projects/it-takes-a-village/node_modules/@supabase/auth-js/src/lib/fetch.ts:195:5)
    at _request (/Users/benstokoe/projects/it-takes-a-village/node_modules/@supabase/auth-js/src/lib/fetch.ts:157:16)
    at SupabaseAuthClient.signUp (/Users/benstokoe/projects/it-takes-a-village/node_modules/@supabase/auth-js/src/GoTrueClient.ts:460:15)
    at main (/Users/benstokoe/projects/it-takes-a-village/seed.ts:48:29) {
  __isAuthError: true,
  status: 422,
  code: 'user_already_exists'
}
data { user: null, session: null }
error AuthApiError: User already registered
    at handleError (/Users/benstokoe/projects/it-takes-a-village/node_modules/@supabase/auth-js/src/lib/fetch.ts:102:9)
    at process.processTicksAndRejections (node:internal/process/task_queues:95:5)
    at _handleRequest (/Users/benstokoe/projects/it-takes-a-village/node_modules/@supabase/auth-js/src/lib/fetch.ts:195:5)
    at _request (/Users/benstokoe/projects/it-takes-a-village/node_modules/@supabase/auth-js/src/lib/fetch.ts:157:16)
    at SupabaseAuthClient.signUp (/Users/benstokoe/projects/it-takes-a-village/node_modules/@supabase/auth-js/src/GoTrueClient.ts:460:15)
    at main (/Users/benstokoe/projects/it-takes-a-village/seed.ts:48:29) {
  __isAuthError: true,
  status: 422,
  code: 'user_already_exists'
}
data { user: null, session: null }
error AuthApiError: User already registered
    at handleError (/Users/benstokoe/projects/it-takes-a-village/node_modules/@supabase/auth-js/src/lib/fetch.ts:102:9)
    at process.processTicksAndRejections (node:internal/process/task_queues:95:5)
    at _handleRequest (/Users/benstokoe/projects/it-takes-a-village/node_modules/@supabase/auth-js/src/lib/fetch.ts:195:5)
    at _request (/Users/benstokoe/projects/it-takes-a-village/node_modules/@supabase/auth-js/src/lib/fetch.ts:157:16)
    at SupabaseAuthClient.signUp (/Users/benstokoe/projects/it-takes-a-village/node_modules/@supabase/auth-js/src/GoTrueClient.ts:460:15)
    at main (/Users/benstokoe/projects/it-takes-a-village/seed.ts:48:29) {
  __isAuthError: true,
  status: 422,
  code: 'user_already_exists'
}
data { user: null, session: null }
error AuthApiError: User already registered
    at handleError (/Users/benstokoe/projects/it-takes-a-village/node_modules/@supabase/auth-js/src/lib/fetch.ts:102:9)
    at process.processTicksAndRejections (node:internal/process/task_queues:95:5)
    at _handleRequest (/Users/benstokoe/projects/it-takes-a-village/node_modules/@supabase/auth-js/src/lib/fetch.ts:195:5)
    at _request (/Users/benstokoe/projects/it-takes-a-village/node_modules/@supabase/auth-js/src/lib/fetch.ts:157:16)
    at SupabaseAuthClient.signUp (/Users/benstokoe/projects/it-takes-a-village/node_modules/@supabase/auth-js/src/GoTrueClient.ts:460:15)
    at main (/Users/benstokoe/projects/it-takes-a-village/seed.ts:48:29) {
  __isAuthError: true,
  status: 422,
  code: 'user_already_exists'
}
users []
error AuthApiError: invalid JWT: unable to parse or verify signature, token is malformed: could not JSON decode claim: invalid character '¢' after object key:value pair
    at handleError (/Users/benstokoe/projects/it-takes-a-village/node_modules/@supabase/auth-js/src/lib/fetch.ts:102:9)
    at process.processTicksAndRejections (node:internal/process/task_queues:95:5)
    at _handleRequest (/Users/benstokoe/projects/it-takes-a-village/node_modules/@supabase/auth-js/src/lib/fetch.ts:195:5)
    at _request (/Users/benstokoe/projects/it-takes-a-village/node_modules/@supabase/auth-js/src/lib/fetch.ts:157:16)
    at GoTrueAdminApi.listUsers (/Users/benstokoe/projects/it-takes-a-village/node_modules/@supabase/auth-js/src/GoTrueAdminApi.ts:190:24)
    at main (/Users/benstokoe/projects/it-takes-a-village/seed.ts:67:7) {
  __isAuthError: true,
  status: 403,
  code: 'bad_jwt'
}
databaseProfiles null
profiles []
INSERT INTO auth.users (instance_id,id,aud,role,email,encrypted_password,email_confirmed_at,invited_at,confirmation_token,confirmation_sent_at,recovery_token,recovery_sent_at,email_change_token_new,email_change,email_change_sent_at,last_sign_in_at,raw_app_meta_data,raw_user_meta_data,is_super_admin,created_at,updated_at,phone,phone_confirmed_at,phone_change,phone_change_token,phone_change_sent_at,email_change_token_current,email_change_confirm_status,banned_until,reauthentication_token,reauthentication_sent_at,is_sso_user,deleted_at,is_anonymous) VALUES ('07f173e4-5a31-5cbf-9959-574aeb373799', 'f278078f-03e8-517f-ba4d-20e1d6dea3f7', 'Int nixamicit et esse defenimi teneretud.', 'As quae voluptates affecta aris praeterrore locus exulae.', 'Est nosque e fugientiam centurbulen de maxim, sentinguantur mihi dolorat es totum.', 'Odum minim in iniuria is lucil.', '2020-08-04T19:36:11.000Z', '2020-10-22T22:11:21.000Z', 'Ipsum vero in utin incur sic minus, satur oblivione quidem amicore dolora serentes.', '2020-04-04T03:05:02.000Z', 'Dicenimum quae prorsus fuit graecos formidin, mihi si fruunturma id adquiescere timum.', '2020-04-28T15:19:12.000Z', 'Et aut de cernimus ea possensu maxime et, id ulae modum quam viven.', 'Mirere tam maioresse fert aut sent ere vero.', '2020-08-16T19:56:25.000Z', '2020-09-13T08:35:00.000Z', '{"Familem":"Cognitioque amicural se"}', '{"Iustius":"Ad epicit"}', 't', '2020-07-11T18:46:43.000Z', '2020-08-20T08:06:45.000Z', DEFAULT, '2020-06-22T17:19:56.000Z', DEFAULT, DEFAULT, '2020-09-01T20:45:45.000Z', DEFAULT, DEFAULT, '2020-10-22T21:49:05.000Z', DEFAULT, '2020-04-28T15:43:26.000Z', DEFAULT, '2020-02-26T01:55:01.000Z', DEFAULT), ('99a7c517-59b1-5e75-ad1d-978a34844e93', '81fac105-fbdf-5cf9-a6f2-f71075cdbb03', 'De non tempertinis multavitis dicere ad, causa quo vero defattica non vi.', 'Modo desidine quos in namen, quietusdam en volupernat scaevolen se.', 'Viros ad maximus ut nam illum, qui quae sit graecis quid voluptatib tantum exis.', 'Eoque uti fieri ab hones quae de.', '2020-10-14T10:00:43.000Z', '2020-11-07T23:01:36.000Z', 'Laberamus et recte te ego perpessio.', '2020-05-09T04:23:43.000Z', 'Copulit an res cendi quam magni torquatus es.', '2020-02-18T13:15:31.000Z', 'Quos sed renove comparenti bonarem.', 'Sic distinenda est quidem desistotum concessum.', '2020-01-01T12:01:10.000Z', '2020-05-17T16:46:55.000Z', '{"Sint":"Antiopamic inveniuntur"}', '{"Voluptatum":"Suam quidem"}', 'f', '2020-02-26T01:39:31.000Z', '2020-03-27T02:56:30.000Z', DEFAULT, '2020-02-26T13:21:07.000Z', DEFAULT, DEFAULT, '2020-03-03T15:03:13.000Z', DEFAULT, DEFAULT, '2020-04-24T03:14:21.000Z', DEFAULT, '2020-01-01T00:26:56.000Z', DEFAULT, '2020-05-21T04:14:36.000Z', DEFAULT), ('2a52f46e-42bc-5adc-8580-e43b2f785ee4', '5148b12f-14b0-5344-b758-690057040900', 'Est depravate inum rem facio.', 'Cernantibus potitassid et etureum intellegat dictum, commodo est dolor dis quisquam quam mel.', 'Sic e orem id superet a.', 'Sit omis maestite vero eadem quidem minus constringenus.', '2020-08-28T20:00:00.000Z', '2020-10-10T21:58:41.000Z', 'Eum solam tam tempora plane.', '2020-09-01T20:21:04.000Z', 'Nullo imus nihilla de legendum.', '2020-10-02T09:39:33.000Z', 'Natum erri nulla publiciat legattendit non anim, nunc videt iisque etiam utillo est voluptate.', 'Non illo possit tum andi patientia meam laberstitio, quo posterea ant horum nam atum.', '2020-02-06T13:31:37.000Z', '2020-12-04T23:11:38.000Z', '{"Antipate":"Concurrerum quod silio"}', '{"Sunt":"Quibus sedatem"}', 'f', '2020-06-14T05:16:04.000Z', '2020-04-16T15:27:44.000Z', DEFAULT, '2020-01-17T12:48:45.000Z', DEFAULT, DEFAULT, '2020-12-20T11:25:12.000Z', DEFAULT, DEFAULT, '2020-03-23T03:04:29.000Z', DEFAULT, '2020-05-21T16:46:45.000Z', DEFAULT, '2020-04-28T15:29:27.000Z', DEFAULT), ('a5511388-73e5-5c39-82c9-231e8d871f75', '317e166a-191b-57d2-abb6-e8e928c09b95', 'Quod detere studiis solum et.', 'Semperpessio seritaque et physiciscenset cumante responsummam, de unt primo eius andiscipit causam autem eremus.', 'Maioremus everi metusus graviorem est.', 'Qui nomina eadem cum modo, tantis parta ita negari in reprehenim coercerte.', '2020-10-18T21:36:12.000Z', '2020-12-28T23:15:11.000Z', 'Igiti us modo voluptate naturus sed.', '2020-01-01T12:20:38.000Z', 'Arbitrarer animus it malum curata bonum ideris maximus, maximi a bonorate num es voluptates inos.', '2020-04-04T03:51:45.000Z', 'Haec enimum iditation videret quas me iudicarbit.', 'Ipsam quo se itaris capti.', '2020-10-26T22:02:19.000Z', '2020-08-08T19:27:17.000Z', '{"Qui":"Qui etrica qua"}', '{"Are":"Et prorsuscipes in"}', 't', '2020-07-11T06:52:40.000Z', '2020-03-19T02:15:50.000Z', DEFAULT, '2020-11-03T10:17:30.000Z', DEFAULT, DEFAULT, '2020-06-18T05:41:10.000Z', DEFAULT, DEFAULT, '2020-01-17T00:28:36.000Z', DEFAULT, '2020-01-21T12:10:15.000Z', DEFAULT, '2020-12-08T23:59:15.000Z', DEFAULT), ('f4dfbcb5-2714-5a91-bf6e-3a95e91acb50', '1bac39b3-449b-5cc4-a0f9-b03c8358e33b', 'Finiteran quas interum philosophor tamur si.', 'Nos inquit vim reperabun facianturi, vitae enimum horum graecistrariis ut quod in omnem.', 'Quae ophia plurimadmir omnino modo es dolorest esse, dictum ipsi fortibi recus vivi motum.', 'Et summa cognitiae voluptatem nem iditur, respondeniq fore vestra fabullam voluptate a.', '2020-12-24T23:38:46.000Z', '2020-07-11T07:03:37.000Z', 'Ad tum rebus quidem posse perpauca censes et.', '2020-06-22T17:16:47.000Z', 'Nisi vel movet de quia vitam sint ipidem, oraturov voluptate ut est rerum levatus non constringenia.', '2020-04-24T03:41:09.000Z', 'Atem a eam tantum profectamen toriae ophia.', 'Reque romantiquis esse tum corrupte satis, malordinem met et sis a voluptas.', '2020-05-01T04:54:56.000Z', '2020-02-02T13:15:56.000Z', '{"Vitae":"Veneret ad omnes"}', '{"Sed":"Ipso eturi perferrentur"}', 'f', '2020-03-11T14:05:54.000Z', '2020-10-14T09:21:20.000Z', DEFAULT, '2020-02-10T01:56:44.000Z', DEFAULT, DEFAULT, '2020-09-09T08:56:01.000Z', DEFAULT, DEFAULT, '2020-04-12T03:45:50.000Z', DEFAULT, '2020-09-25T08:58:02.000Z', DEFAULT, '2020-02-14T01:21:51.000Z', DEFAULT), ('f94589dd-e383-5e77-b75b-50d8bb678b01', '86e37efb-ab2d-5863-938c-b57ac786e643', 'Minus sumerit exigitur docet habenimi.', 'Epicitat cupid tantopere non expetendi ratione tuum ei.', 'Ut ant im philosoper vita est ne.', 'Moles viverendis quanto interest decoramus.', '2020-11-03T10:50:15.000Z', '2020-10-14T21:59:13.000Z', 'Il anus quisquam nunc si.', '2020-10-02T21:36:38.000Z', 'Exquisquam terrorem dolore suo minimitas sententiae eorum, tum eque defatomne nec ulistotum nostris quaerenimo.', '2020-03-23T14:49:20.000Z', 'Incia sunt interas eosque qui quorum unt.', 'Exquisit ipsa vident maestitur et quae ore conscientiam, utum voluptatas ut praetere ad duxit maiorem.', '2020-11-23T23:01:25.000Z', '2020-11-27T10:54:01.000Z', '{"Repugi":"Liber dixi"}', '{"Vitae":"Al hoc"}', 'f', '2020-11-11T10:15:32.000Z', '2020-10-14T22:13:33.000Z', DEFAULT, '2020-01-13T00:30:16.000Z', DEFAULT, DEFAULT, '2020-07-23T18:20:49.000Z', DEFAULT, DEFAULT, '2020-09-05T20:26:08.000Z', DEFAULT, '2020-05-09T04:19:24.000Z', DEFAULT, '2020-12-20T11:57:28.000Z', DEFAULT), ('82a96032-9671-5ca7-acd4-25bbc1799d73', 'f08cfa3a-15c3-5bce-b3be-6d1253cae7fa', 'Repere illam ine rebus si.', 'Etur quo cognitio event l, magnumquam quasi nec idere eloquentiam menanimus est.', 'Est multo non cognosmetu modum, cum minimpore quidem qui vita.', 'Quae etiam et solum in voluptat probartifex alia, esse etiam delectutior quae eoque.', '2020-04-08T16:01:30.000Z', '2020-04-12T15:28:00.000Z', 'Rutille constituitas est multo ex.', '2020-10-22T21:57:14.000Z', 'Quidemque id natur ut civium, quid doloribus nulla caderition percipiantur is graeca corporum.', '2020-05-09T16:58:33.000Z', 'Nec segniorem cum it quod familis qui.', 'Quod qua saepe itis ad cum veniri stoicosoptim.', '2020-10-22T21:38:57.000Z', '2020-05-21T16:43:44.000Z', '{"Inflammat":"Autem et"}', '{"Etiam":"Isti qui"}', 't', '2020-07-27T18:31:16.000Z', '2020-03-11T02:41:40.000Z', DEFAULT, '2020-08-04T20:03:20.000Z', DEFAULT, DEFAULT, '2020-01-17T12:28:36.000Z', DEFAULT, DEFAULT, '2020-08-04T07:58:20.000Z', DEFAULT, '2020-07-19T18:32:03.000Z', DEFAULT, '2020-10-14T09:48:30.000Z', DEFAULT), ('da554fad-f775-559e-9c3e-fbb90e829867', '8e775c1e-8d89-5887-8f18-d1ffa412630f', 'Eius in sunt se ratio, poris referit iudicuram de itisti quod.', 'Quia se atore beateque quae a rudemus apudit, praeteritat voluitur lud et profectari velim.', 'En temportunt numquam quae probab deniquarum ant et, il tum alias habendi despernati ari at.', 'Autem et multos autem in ula vestrae, vivi omnino aliosae voluptatur profectantal torquatum.', '2020-07-27T18:37:40.000Z', '2020-10-02T09:26:30.000Z', 'In neque sentiunt liberet quasi doloriantur ut, tempore utriusque oresse ari efficile viam ut.', '2020-10-26T09:34:36.000Z', 'Natura est tanta modo inosophi vituptatum graeco iudicur, te explicabor plus homin quem titudo.', '2020-12-04T11:54:24.000Z', 'Igat de aut gravis esse ipsisse postea.', 'Ultimid quaerimi evola a bonum pugnantibus perandi, cum neque quo nosque qui.', '2020-12-28T11:35:34.000Z', '2020-12-08T11:55:03.000Z', '{"Tantamquamque":"Tum es sunt"}', '{"Et":"Te ilista"}', 'f', '2020-03-11T02:53:47.000Z', '2020-07-03T06:16:18.000Z', DEFAULT, '2020-08-24T19:35:08.000Z', DEFAULT, DEFAULT, '2020-10-26T21:33:05.000Z', DEFAULT, DEFAULT, '2020-03-07T14:42:39.000Z', DEFAULT, '2020-12-13T00:01:46.000Z', DEFAULT, '2020-07-23T06:46:55.000Z', DEFAULT), ('070e8cce-0c66-5d64-b176-1999219d2268', '34768232-6cba-5e5b-b34e-6e88c158614f', 'Modo ignorat neque non possunt habent, eam afferae expetens leviora etiam.', 'Animos qua vide facerea deorum vituperim suo, bonum fugiens quidemus ea aut currunt multos.', 'Alii vituptatib expetiuntur es nihille vim responuna.', 'Nihil sed quantus et voluptate plura, consule quo ophi ac vult sit.', '2020-08-08T07:39:03.000Z', '2020-02-14T14:02:17.000Z', 'Ut allictorquen ipse paene in comprehendar semper.', '2020-11-23T10:34:22.000Z', 'Non quibus locum percipitat et praeclare, leganim sed cognostris in quibus me sapiendi aeterudin.', '2020-05-13T04:24:57.000Z', 'Inum eturae cum et libennii se auditia quaedamican.', 'Huic perit logikh im sint semperanim, etur invidebo nec quidque legendum torquatus igant.', '2020-08-16T19:47:21.000Z', '2020-10-14T09:22:03.000Z', '{"Rationis":"De ere"}', '{"Est":"Quicquidem nec"}', 'f', '2020-01-17T00:05:24.000Z', '2020-11-27T10:25:08.000Z', DEFAULT, '2020-09-25T20:36:36.000Z', DEFAULT, DEFAULT, '2020-06-22T17:49:17.000Z', DEFAULT, DEFAULT, '2020-05-13T16:56:31.000Z', DEFAULT, '2020-05-09T16:07:59.000Z', DEFAULT, '2020-03-07T03:05:51.000Z', DEFAULT), ('c227d783-12c5-5401-a1d5-117f186241fe', '6698580a-cc51-525c-9d6e-8b6968c8d0c3', 'Eadem continac discipi sapereatur cogitis quadamura prohibus tibus, bonistimor generim in neque qui sine non.', 'Quod sit maiores voluptatem am agintelos platonem dis.', 'Are aliquantur esse si amice popula tim.', 'Voluptatem adiuvet voluptatem deseri ut vivent quae saepe.', '2020-04-12T15:24:45.000Z', '2020-06-02T05:06:39.000Z', 'Mirera qui quae te tam modo, hortenta successio scripta his ob.', '2020-05-05T04:41:57.000Z', 'Directu nulla ut scientiamque haec consis dicatus libid.', '2020-01-09T01:00:37.000Z', 'Autemus sibi natur sensibi utrumque aetere sit, ipsa paene nec chrysippe plato voluptatem.', 'Malor bene summum abuntur cum victi iudicur, parte maiorem civita sed habendarum bonorum.', '2020-07-23T18:45:53.000Z', '2020-11-11T22:40:35.000Z', '{"Haec":"Latinterdic rem gerendas"}', '{"Aut":"Finit uti latincidan"}', 'f', '2020-06-10T05:23:55.000Z', '2020-09-13T09:00:11.000Z', DEFAULT, '2020-09-01T20:41:13.000Z', DEFAULT, DEFAULT, '2020-05-17T16:31:19.000Z', DEFAULT, DEFAULT, '2020-10-18T21:25:02.000Z', DEFAULT, '2020-11-15T22:25:58.000Z', DEFAULT, '2020-12-29T00:01:34.000Z', DEFAULT), ('8ea97cb0-1568-5db1-8572-edcebab49cc7', '48529607-30aa-5c24-9294-2335680f2e69', 'Feram de tam totel sequendas autemque, res calerti litterdicer tantum vix in.', 'Ut aut poena contra sunt profectram, neque voluptas non credo numquam quod nulli putant.', 'Desidua es dis si vitam in, quidam sit male pugnantur quisquamquamque explicatur.', 'Quaeque temporiscun ex ipsa quibus ea ter inis.', '2020-05-13T04:59:19.000Z', '2020-08-08T19:31:43.000Z', 'Scriberitus laborum voluptas explicabil sit praesendum tum, summum conficiat unditiis propterum ut omnium.', '2020-08-08T19:32:45.000Z', 'Ut menante anim discidia sum obruamus ant bonum, nullam ex explicartib quid quaeso has viven voluptate.', '2020-02-18T01:52:33.000Z', 'Libidit videtiamque cum accederit non, anim es esse verum necesse oriis sit.', 'Sapiendam cum voluptatem domo debem ipsariae esse ula, triarius qui facim quae ad item est epicus.', '2020-09-05T20:45:08.000Z', '2020-11-15T23:14:20.000Z', '{"Sitamus":"Quid sic animpedir"}', '{"In":"Provintelleg voluptate"}', 't', '2020-04-20T15:27:54.000Z', '2020-01-05T12:36:11.000Z', DEFAULT, '2020-05-21T04:41:58.000Z', DEFAULT, DEFAULT, '2020-10-10T10:02:38.000Z', DEFAULT, DEFAULT, '2020-08-20T19:31:19.000Z', DEFAULT, '2020-10-22T09:09:35.000Z', DEFAULT, '2020-02-26T01:57:49.000Z', DEFAULT), ('34bb40ef-fa17-59c2-8611-4641860f1c19', '3c4483cd-b89b-5572-b933-cd6385194b2f', 'E faculis exeren imisfacil de gaudem metu, accura ut tuemur propterest vacil aut.', 'Sequuntur eriuntur maerorata omorem sua ipsam quam.', 'Res essariae idere nihille dolori triarius am morbis.', 'Recus inquit afficiat vitae aut distinacced.', '2020-08-16T19:32:39.000Z', '2020-12-20T11:51:25.000Z', 'Quo doceritum qua possit perpetent honesse desid.', '2020-08-28T19:30:18.000Z', 'Tam sine credo it libidere.', '2020-10-26T09:09:39.000Z', 'Mati pariungimur se ent multos sentenditat fabulas opibus.', 'Difficerin puerosoptim at maiora si aetium caelo, fatens adhaesione inum praeserri quae culte via epicatum.', '2020-02-10T13:46:29.000Z', '2020-04-20T03:41:53.000Z', '{"Ideritiam":"Filium est"}', '{"Perspiciatur":"Sit cyrenaicosop"}', 'f', '2020-09-21T20:25:56.000Z', '2020-03-03T14:52:36.000Z', DEFAULT, '2020-07-27T06:47:27.000Z', DEFAULT, DEFAULT, '2020-10-26T21:35:18.000Z', DEFAULT, DEFAULT, '2020-09-17T09:09:20.000Z', DEFAULT, '2020-03-11T03:05:13.000Z', DEFAULT, '2020-09-05T20:41:45.000Z', DEFAULT), ('a9bcee2a-8131-543e-afa2-f655087f42ce', '4b2bcbe0-d44c-52c1-b8a7-2bb87579b4de', 'Voluptate eum vigil quam probantur inpensa.', 'Quidem per nosterumquam dicenemus feratomnium erunt, ea rerum quos ero dolores hominquit ob.', 'Nostri dolordiamur efficeren philos proptervalla mea praeclare id, ceptur defenimur natus quod et inen.', 'Triarius cum apeirian nullo es quod quodsi et.', '2020-08-28T07:28:26.000Z', '2020-03-15T02:02:07.000Z', 'Multa qui esse credo quibus, quidem tamenim ultate deterenim ne nos sententamen.', '2020-06-26T17:34:54.000Z', 'Ipsummam video aut ophia mereret sentenebat, omnescius electite et nec succum famillum ad molesse.', '2020-09-05T08:29:31.000Z', 'Bonorem navi augentis es clamathenis ophiae quae.', 'Titio in sic sapienum voluptatis laetam atio.', '2020-04-24T03:47:26.000Z', '2020-12-08T11:29:39.000Z', '{"Specta":"Artifexplic esse malarum"}', '{"Si":"Ant quis gratia"}', 'f', '2020-12-16T23:40:30.000Z', '2020-11-19T10:38:02.000Z', DEFAULT, '2020-04-20T15:16:30.000Z', DEFAULT, DEFAULT, '2020-05-21T04:31:02.000Z', DEFAULT, DEFAULT, '2020-05-21T04:17:38.000Z', DEFAULT, '2020-09-13T08:30:35.000Z', DEFAULT, '2020-06-14T05:05:55.000Z', DEFAULT), ('1b45cd53-54ca-5974-ad69-8ee82808ad41', 'f6cf5c21-4547-5392-8a65-ecd94513782c', 'Nec voluptatem sit in eximpersec cui defuit.', 'Quos quibus sed manus offenditur deniquantur.', 'Abillum et laudante qui in nem, ilis non idinquam autem ea qui.', 'Ferri sem perpessio tum ipse, a ceri neces quanto eum.', '2020-08-24T19:52:57.000Z', '2020-08-16T19:48:58.000Z', 'Nec maximad torquate autem serentur sibi.', '2020-04-08T03:47:59.000Z', 'Accedis ut sed genuitata meliustior est.', '2020-03-03T14:46:05.000Z', 'Inquit vivendam nam in corpore autem, omnino etiam hoc alique inflammatum vel.', 'Inem am ilis en physicistunt, pariantur inanimeq nullus litur hoc optima sit.', '2020-09-17T08:15:51.000Z', '2020-03-19T14:02:39.000Z', '{"Cupid":"Sane graecissentit praesent"}', '{"Sitis":"In neque sentias"}', 't', '2020-02-02T01:58:14.000Z', '2020-11-19T22:46:05.000Z', DEFAULT, '2020-08-12T20:01:08.000Z', DEFAULT, DEFAULT, '2020-11-11T22:44:26.000Z', DEFAULT, DEFAULT, '2020-04-20T03:28:36.000Z', DEFAULT, '2020-06-02T05:55:36.000Z', DEFAULT, '2020-07-15T18:57:52.000Z', DEFAULT), ('653db7e8-237f-512e-af5b-4683133287ab', '01fa9461-57c4-5f79-bced-fc1c229e36d8', 'Moles anim invitamur en inissim quidem sed bene, si cursionesse int ipsi nec.', 'Ut inisti dolorem er quicquid iis nostris doctus.', 'Summa facilitias solid voluptatem gravis orum qualest voluptator, sint per interesse civium satis maiora.', 'Saepe nimium concessio eo turpe pleriquos perspexiter.', '2020-02-18T13:25:45.000Z', '2020-12-20T23:27:24.000Z', 'Quae defenim dicebo nec solen quae utincider claris.', '2020-03-07T14:27:45.000Z', 'Extremum antiam seditionis init crudelli.', '2020-04-04T03:18:20.000Z', 'Est platonis sit dicem omni, nec cenda a epicatque tamen se nec exorumquam.', 'Quam cognostris nihile efaccessio igitur epicabil.', '2020-10-14T09:49:33.000Z', '2020-03-07T02:14:35.000Z', '{"Tantas":"Illam ore facientia"}', '{"Tot":"Quidem multoque ponittantas"}', 'f', '2020-04-12T04:00:45.000Z', '2020-05-13T04:44:04.000Z', DEFAULT, '2020-04-12T03:44:33.000Z', DEFAULT, DEFAULT, '2020-01-17T12:11:21.000Z', DEFAULT, DEFAULT, '2020-03-27T02:58:15.000Z', DEFAULT, '2020-08-28T19:56:44.000Z', DEFAULT, '2020-04-16T03:15:22.000Z', DEFAULT), ('a153510e-d51d-5b5c-8236-45dec56d716a', '01b669bb-66b0-5786-ac99-01b5d98566c8', 'Hanc discedo non morbos vero curatio ad, habeat bene nec quos causa es.', 'Et non enturbulen tamque physicisset.', 'Num iucunda explicab summo hic, nam timanimus dolersia eo studium aut quam quo.', 'De compariat quia sit oribus.', '2020-02-26T01:06:54.000Z', '2020-05-21T04:51:46.000Z', 'Sapiens evendi sine minut exquiren, et gravitur et non quae cupiditur nec.', '2020-02-26T01:25:47.000Z', 'Aut quae confirmavit anim solum fictae vita endas.', '2020-04-20T15:20:41.000Z', 'Quod tamquamquam ulane percipi non, pateret expetendae et autem sentiri animperii et.', 'Contrari spe epicia domin at, de fugiendore explicavi contem statimi si.', '2020-12-29T00:14:44.000Z', '2020-04-28T03:47:23.000Z', '{"Finxeration":"Dissent quam referatio"}', '{"Ut":"Mihi erruisset"}', 'f', '2020-08-16T07:36:02.000Z', '2020-01-25T12:49:13.000Z', DEFAULT, '2020-08-04T07:43:39.000Z', DEFAULT, DEFAULT, '2020-11-23T23:05:08.000Z', DEFAULT, DEFAULT, '2020-11-03T10:43:22.000Z', DEFAULT, '2020-10-10T09:23:30.000Z', DEFAULT, '2020-11-07T22:17:41.000Z', DEFAULT), ('a5194704-578d-5441-be1f-f34770768af2', '5092aa85-1756-5940-9ebd-370e87a3d9ce', 'Tentus fuit am nullo perpeternum quae.', 'Sed am triario una idcircumcis affectus, commodum est timaverri is esse cum si enti.', 'Endum loquunturum autem inpoterror victi moratque a multi.', 'Horum modari et hoc aturus sit ante.', '2020-01-17T12:22:53.000Z', '2020-04-20T15:27:33.000Z', 'Sit subtilius non voluptatem antiquit discere magis, interrore quidem canes acceditas salutrumvis abortum nobis.', '2020-12-12T12:00:56.000Z', 'Si gauder et qui et intereant.', '2020-04-08T03:26:54.000Z', 'Hoc tamenimi spe sequam sim eo.', 'Et posse ne sic dicta sabincursio modo ennii.', '2020-12-28T12:14:44.000Z', '2020-09-09T08:12:41.000Z', '{"Cupidciret":"Tota omnem"}', '{"Sol":"Suis vocant"}', 'f', '2020-04-24T15:17:09.000Z', '2020-05-09T16:42:01.000Z', DEFAULT, '2020-03-19T03:01:44.000Z', DEFAULT, DEFAULT, '2020-08-04T19:21:03.000Z', DEFAULT, DEFAULT, '2020-08-12T19:46:27.000Z', DEFAULT, '2020-10-10T09:59:09.000Z', DEFAULT, '2020-04-20T03:12:11.000Z', DEFAULT), ('58343ee5-4fc4-5333-9634-2efc2e701878', '7589d582-a570-566d-896d-8be5d751a91d', 'Me libid adamus ius dolor vero est.', 'Video ut obcaecat fere exquiren vel in.', 'Libidium quod sed quae ratio perdidicta.', 'Tant proceduntat eum in iliae oporum cuius, suavitatem si voluptas mandam inlibid.', '2020-09-05T20:48:17.000Z', '2020-07-11T18:50:27.000Z', 'Multi graecis per quoquo ile.', '2020-07-07T18:54:07.000Z', 'Facita nec amicur etiam ine.', '2020-01-17T12:38:22.000Z', 'Quam ipsius dis pecunde arbitratio eturei, sit quid quo quem putam igantia sic.', 'De etiam es laborum causa quibus et.', '2020-08-12T19:27:28.000Z', '2020-03-19T14:15:29.000Z', '{"Esse":"Plenturam romancillae"}', '{"Meam":"Laudab voluptatem ad"}', 'f', '2020-12-28T11:15:46.000Z', '2020-01-21T00:50:26.000Z', DEFAULT, '2020-08-24T07:47:22.000Z', DEFAULT, DEFAULT, '2020-02-10T01:42:45.000Z', DEFAULT, DEFAULT, '2020-12-28T23:39:19.000Z', DEFAULT, '2020-09-17T20:49:31.000Z', DEFAULT, '2020-05-05T04:34:50.000Z', DEFAULT), ('ecef4591-f291-527c-8865-5f5e790ad1ed', '8e6be7db-03e6-5ed0-b9b1-d3ae5d5f2b99', 'It legentur loca delectatis non litter, toriae dici videt omnisi se sed manum iustiorestic.', 'Atille hanc memin fatentibus est es, doctissimam optimenim quamquam eaque putavi.', 'Ad ipsum est dolordiamur eturi sus electo.', 'Et veris certam delicet suo voluptat sed.', '2020-02-22T01:59:09.000Z', '2020-06-18T17:57:57.000Z', 'Nisi infinit sine guber sed.', '2020-09-09T08:51:22.000Z', 'Dolorest at poena dicerab non detraxis quod, litur qua scientia quod omnemo neque voluna.', '2020-08-04T08:09:45.000Z', 'Carit er turpe hoc domini endum quae ego, al lat am non vult.', 'Illum virosophi cui traderti andriam sic facerunde a.', '2020-10-06T10:00:22.000Z', '2020-08-20T07:35:10.000Z', '{"Arendum":"Sint atomnescio"}', '{"Facillud":"Quibus faciantur as"}', 't', '2020-10-14T21:21:20.000Z', '2020-10-18T22:02:04.000Z', DEFAULT, '2020-06-14T17:59:17.000Z', DEFAULT, DEFAULT, '2020-12-28T23:27:05.000Z', DEFAULT, DEFAULT, '2020-08-04T19:15:06.000Z', DEFAULT, '2020-07-07T06:23:35.000Z', DEFAULT, '2020-05-13T16:27:03.000Z', DEFAULT), ('817c8816-d763-511b-90e3-ea7bf33133e1', '66d845df-ef98-53e9-a459-c7a1676262db', 'Et sed inut cuius ex studiis conficiat, ipidisque simos et forte ab litatum.', 'Laudemola quasi quid sum appetullo.', 'Sic desid perpetentis referudin feratus, quae maxim voluptates inest sic facime estiamque libercitat.', 'Et cum orem ferre dixitura ab perpeterstit, etiam dicenim ali gloriae cur.', '2020-01-17T00:24:23.000Z', '2020-10-10T09:36:54.000Z', 'Fidelectic eoque ex dissiduitat ut quosdam quo vero.', '2020-05-09T04:25:35.000Z', 'Quid putatum ista multa abilla disputem non, sentiendo cere quidem nosci naturi a.', '2020-06-22T06:00:14.000Z', 'Quo potere eo terum qui rebusdam si, posse ut cum quam putari plato nihillud nomincidan.', 'Quaeri ea quietusdam adola quos pondere.', '2020-04-24T15:05:22.000Z', '2020-12-24T11:36:34.000Z', '{"In":"Inprobaren es libro"}', '{"Vituptatem":"Quid labitione"}', 't', '2020-09-25T20:20:25.000Z', '2020-02-02T13:42:44.000Z', DEFAULT, '2020-05-17T16:54:51.000Z', DEFAULT, DEFAULT, '2020-04-16T03:26:41.000Z', DEFAULT, DEFAULT, '2020-11-11T23:02:22.000Z', DEFAULT, '2020-07-19T18:20:38.000Z', DEFAULT, '2020-01-25T12:25:41.000Z', DEFAULT);
INSERT INTO public.profiles (id,email,full_name,avatar_url,phone_number,timezone,notification_preferences,created_at,updated_at) VALUES ('f278078f-03e8-517f-ba4d-20e1d6dea3f7', 'Quas laudangusta fortite expetuisse quae doloratque bonum ne.', 'Nam ceterudin mihi in quod atomnem.', 'https://avatars.githubusercontent.com/u/6485124', 'Hominemus timore prospertinax laborem nobis non, sed mediocrium aequit tum nobis cumcisaque ratione vult.', DEFAULT, DEFAULT, DEFAULT, DEFAULT), ('81fac105-fbdf-5cf9-a6f2-f71075cdbb03', 'Fanti non voluptates metu qui sunt reici haec, potest ut graece autem bestiae natur.', 'Est se quae omnium infinxerat bonoris opor.', 'https://avatars.githubusercontent.com/u/50295185', 'Qui et haec voluptate de.', DEFAULT, DEFAULT, DEFAULT, DEFAULT), ('5148b12f-14b0-5344-b758-690057040900', 'Faciunt suam es posset confere hominqueret certe etiamque, in igituris silio e duris consectetur et vivent.', 'Deseret modo crederetiam us pro quamquamque probe privavitis.', 'https://avatars.githubusercontent.com/u/30130470', 'Dente scriptorquatus videret ab patre quibus in postremo, ne gravissima sed amicanim cupio vivi.', DEFAULT, DEFAULT, DEFAULT, DEFAULT), ('317e166a-191b-57d2-abb6-e8e928c09b95', 'Versatistun sua eret voluptat voluptata datione.', 'Capti hoc im sus sunt studia.', 'https://avatars.githubusercontent.com/u/76921279', 'Seiungi vacuit permulta quae et graeci, endamurque iamsi laetit tibi discorporro minuit.', DEFAULT, DEFAULT, DEFAULT, DEFAULT), ('1bac39b3-449b-5cc4-a0f9-b03c8358e33b', 'Ur igionis elli cum ratione.', 'Viti vel videt libenimus vel alique.', 'https://avatars.githubusercontent.com/u/85999724', 'Quod possumus es ere melius fecta, videat nisi idertite ophiae neque laborem utinamur.', DEFAULT, DEFAULT, DEFAULT, DEFAULT), ('86e37efb-ab2d-5863-938c-b57ac786e643', 'Nivem expetendas singulisset defen il dolorum.', 'Reprehent quis per quod disputant necest aut quid, quarum are vidit abilla quo.', 'https://avatars.githubusercontent.com/u/98667510', 'Poteruisti aequi dolorantib primum nis huic satiabil aliam.', DEFAULT, DEFAULT, DEFAULT, DEFAULT), ('f08cfa3a-15c3-5bce-b3be-6d1253cae7fa', 'Provincur epicita phaedrum is frui.', 'Maximur primum et vare non dolercitus.', 'https://avatars.githubusercontent.com/u/8900063', 'Multoque in haec repele suis cum.', DEFAULT, DEFAULT, DEFAULT, DEFAULT), ('8e775c1e-8d89-5887-8f18-d1ffa412630f', 'Esse ere probaborem quibus ant mihi ea.', 'Consequi natur es autem quae et, sima nec concupid non loco epicur.', 'https://avatars.githubusercontent.com/u/65729709', 'Accusangor atille im gravitus totel.', DEFAULT, DEFAULT, DEFAULT, DEFAULT), ('34768232-6cba-5e5b-b34e-6e88c158614f', 'Viveriet percipiant am meo autem, platonem est si plusque ut sum.', 'Haec se igatem esse serunt voluptatem.', 'https://avatars.githubusercontent.com/u/44901971', 'Bonum a es fastidium si.', DEFAULT, DEFAULT, DEFAULT, DEFAULT), ('6698580a-cc51-525c-9d6e-8b6968c8d0c3', 'Erabille idit sinit audiam omni dolorestum tum.', 'Te accurat ea ime quid legendo causa.', 'https://avatars.githubusercontent.com/u/57166184', 'Multa facerere minus factorquate sit quod cum, ere et saepe efficerit tum in multa.', DEFAULT, DEFAULT, DEFAULT, DEFAULT), ('48529607-30aa-5c24-9294-2335680f2e69', 'Sint aut ut doloriber fugiens qui probis primore, et manilitat ratio m lucilius.', 'Efficiantur scribendum inem a rerum directatem voluptat.', 'https://avatars.githubusercontent.com/u/75541636', 'Cum si vero int nullam intellegem ipsa are.', DEFAULT, DEFAULT, DEFAULT, DEFAULT), ('3c4483cd-b89b-5572-b933-cd6385194b2f', 'Et vacuitur eum ipsius remotis sint ut nivem, propter mihi et esse effluere ari etiam graeci.', 'Faciant certissimi sic in eius tamentur, qui investra dixi et itur manusantiq.', 'https://avatars.githubusercontent.com/u/17390027', 'Laetam laetitatque sint si sic.', DEFAULT, DEFAULT, DEFAULT, DEFAULT), ('4b2bcbe0-d44c-52c1-b8a7-2bb87579b4de', 'Consol in a veniam diutura sapera, cognomin potes perspiciatur voluptate sed c saepti quo.', 'Neque disservata assidua quidem et quasi ut.', 'https://avatars.githubusercontent.com/u/58051618', 'Voluptate epicari ulis licitaque me antium, non ut sentaneum inprobat eos quam.', DEFAULT, DEFAULT, DEFAULT, DEFAULT), ('f6cf5c21-4547-5392-8a65-ecd94513782c', 'Quidam mereraren fugienum dicta nec invidergo nobis, nem expeteran autem ut nos.', 'Principiant artempus autem anim tempus deserattul ad.', 'https://avatars.githubusercontent.com/u/64603686', 'Naturque philos ab bent tranquillitter itere ab.', DEFAULT, DEFAULT, DEFAULT, DEFAULT), ('01fa9461-57c4-5f79-bced-fc1c229e36d8', 'Conficiant quidem quod virtutem as odia.', 'Moderatius abitur minus pleriquid dicandi omni, quae loquererig non maximad si non.', 'https://avatars.githubusercontent.com/u/23431883', 'Reliquant aret interem suaviteret inerent, veri ferebimus ophia eo non quid inans.', DEFAULT, DEFAULT, DEFAULT, DEFAULT), ('01b669bb-66b0-5786-ac99-01b5d98566c8', 'Ad nec habeaturo es concurrunt sit.', 'Sola bonum si ere curios, est conquisita tuum tamentibi ne propterem endi sitam.', 'https://avatars.githubusercontent.com/u/88292753', 'Ipsumus sic reiciente meo voluptate iisque, iudicur bonum perantium nisi qui tamenda bello necest.', DEFAULT, DEFAULT, DEFAULT, DEFAULT), ('5092aa85-1756-5940-9ebd-370e87a3d9ce', 'Efficiis ari possit explicatque credo sent es.', 'Et ita atassentior consequi constituit nec in, ilius sem honesse posita aperiunction.', 'https://avatars.githubusercontent.com/u/74993718', 'Sit cognitioque ad metu quantaque iis ut nisi, non es atque nis fieri sentinctio.', DEFAULT, DEFAULT, DEFAULT, DEFAULT), ('7589d582-a570-566d-896d-8be5d751a91d', 'Tritandi refere ab utroque quam iditatur torquatistun non.', 'Sum ratio in sed autem necesse nec, imusdam dicta tum concordiae in tum doctum.', 'https://avatars.githubusercontent.com/u/76076803', 'Ulla ilitere epicitat quam se.', DEFAULT, DEFAULT, DEFAULT, DEFAULT), ('8e6be7db-03e6-5ed0-b9b1-d3ae5d5f2b99', 'Scaevolum ne labitaque alterae faciendisput si neque, idit ob memin an dicta vivendo.', 'Evere praetere statuatur aliquant es.', 'https://avatars.githubusercontent.com/u/76578157', 'Horrenovat aut faciens genuitatque nullustriora quia quieti e.', DEFAULT, DEFAULT, DEFAULT, DEFAULT), ('66d845df-ef98-53e9-a459-c7a1676262db', 'Nis intera quod voluptatur cupida bonum de, solamicur graecis tota intelleger provid sunt.', 'Aut vita labitur non quis ut voluptas essensibi, dis democatque efficii sin et inata inante ullam.', 'https://avatars.githubusercontent.com/u/93672001', 'Rem summum haec affectrices successero.', DEFAULT, DEFAULT, DEFAULT, DEFAULT);
INSERT INTO public.groups (id,name,description,invite_code,created_by,created_at,updated_at) VALUES ('e5806190-b1f9-5f0d-a12b-452f09c7c3ec', 'Vitae facilii magnostra ime in inum volupletior quid.', 'Consoleat arum reperae carer ans.', 'Nulla et quid confirmissum extremum ipsa nihilitiam.', 'f278078f-03e8-517f-ba4d-20e1d6dea3f7', DEFAULT, DEFAULT), ('a33caea3-1a5a-5130-bd11-83cfc08312b7', 'Cum scripsermonet nec alii brevi et vivendustria, autem philos de quas sit parenim acut.', 'Reiciatur nihil torquem explicarmat consuetudo, incorpore tur dolore retinum sit voluptatem sine.', 'Voluptatem sed legenimi inscientia ambigua vocet ab fueritas.', '5148b12f-14b0-5344-b758-690057040900', DEFAULT, DEFAULT), ('eb1d44bc-2bb3-5c0e-b8f5-1b7750343ea6', 'Ut loquuntur quietae antur firmat, qui in litter continere viam semper interis accedentaeq.', 'Ipsarium hoc et sit phaedrum de ipsos.', 'Voluptat inesque sine nam ut probes.', '1bac39b3-449b-5cc4-a0f9-b03c8358e33b', DEFAULT, DEFAULT), ('6a70671e-1100-50e4-85b6-58d41e3ccc96', 'Hac dolorate choro sin si locum ea, am esse vexetiam nostris ullus quidamici.', 'Tamque natur a fuisse prorsusciper, rerum nec idin nihilludic quae tentia quos.', 'Appetendit modo quietae quodsi est.', 'f08cfa3a-15c3-5bce-b3be-6d1253cae7fa', DEFAULT, DEFAULT), ('163680ab-90a3-53bb-9091-0076aec536d0', 'Cyrenaicista ipsa tractatem se satura autem.', 'Vel audiri tamenimpet est peccant rerum.', 'Ophorreat malum in dedectu ea, dubit missim ratio sine non quem.', '34768232-6cba-5e5b-b34e-6e88c158614f', DEFAULT, DEFAULT), ('8fa54153-7894-574e-9f02-99e0f562dd74', 'Eadem ei malum de sapiens quid torest angatur.', 'Multoque vel quidem sit afficiantur plane.', 'Disservare ad dolorum serentermin et.', '48529607-30aa-5c24-9294-2335680f2e69', DEFAULT, DEFAULT), ('a5a99731-e674-5645-9a75-967e8b5f65ec', 'Est maximos nec diveli erri voluptatis, disputari cupidque nulli mihi autem ad.', 'Morte ne cuius plusque quasi sint ectamen hoc, moveat ego voluptatum nobis utione concesseren gloriat.', 'Natura apuditur abillis triarius indus, am afferebit principiatur malum et a sed e.', '4b2bcbe0-d44c-52c1-b8a7-2bb87579b4de', DEFAULT, DEFAULT), ('998320cf-208b-508c-b376-50a11bd264a7', 'Tur autem labito in sunt.', 'Si uto et sit quid probant hominfanti amatque, bonarte ilitteneb si suum domine esse.', 'Minimo vita et ullam cum statuam est carere.', '01fa9461-57c4-5f79-bced-fc1c229e36d8', DEFAULT, DEFAULT), ('955b4def-39fe-534e-b1d7-1e2109b53989', 'Beatus omnescius sint corporis inor in maximis ulae, natur elemus non detractis permanendam finita sunt nam.', 'Perita plane fueritum mala virtutest corrupis, quiete requirermis a endi non esse etudintel.', 'Autem partitiam et quibus temus est nacti.', '5092aa85-1756-5940-9ebd-370e87a3d9ce', DEFAULT, DEFAULT), ('02e388f8-ee80-51d6-bec7-c8f89fc85411', 'Vel repugnandum defuitatem poetistra laborus omnisi utum, quod lectorquatus sponte collegimped de vel.', 'Estem lit interis pariendore quondam in quam accuratur, quae exaudiebam ut veniri reiciat.', 'Nec in dubiti ea ore verum periis.', '8e6be7db-03e6-5ed0-b9b1-d3ae5d5f2b99', DEFAULT, DEFAULT);
INSERT INTO public.availability_requests (id,group_id,created_by,title,description,request_type,requested_date,start_time,end_time,location,is_urgent,is_recurring,recurring_pattern,status,created_at,updated_at) VALUES ('be68c532-f3b3-5456-9e8e-f66666956298', 'e5806190-b1f9-5f0d-a12b-452f09c7c3ec', '81fac105-fbdf-5cf9-a6f2-f71075cdbb03', 'Illum et sit placeatura locum er hoc expetiuncul, acteturae minis gerenim quibus are.', 'Repeli vel bonum numerque a, probet es philosopin moda quorum inantur hoc efficitur.', 'social_visit', '2020-12-12', '12:36:02', '09:06:01', 'Aperta homin quam im constituit.', DEFAULT, DEFAULT, '{"Cum":"Haec ipsam fruunturi"}', DEFAULT, DEFAULT, DEFAULT), ('808f29e1-330a-5160-813e-16e734541036', 'a33caea3-1a5a-5130-bd11-83cfc08312b7', '317e166a-191b-57d2-abb6-e8e928c09b95', 'Qui prohibus itassentiun a si non voluptates, possimosop vero tentionemol fore sum vitate.', 'In possimisti retincia secut quidem provoctavio.', 'emergency', '2020-03-11', '22:01:41', '12:24:45', 'Video petenimo atio iudicant mediocrito, ea tibus nostris ego quibus.', DEFAULT, DEFAULT, '{"Fieri":"Tu quod"}', DEFAULT, DEFAULT, DEFAULT), ('627889af-4e08-5d01-9967-dbe46336e5a2', 'eb1d44bc-2bb3-5c0e-b8f5-1b7750343ea6', '86e37efb-ab2d-5863-938c-b57ac786e643', 'Quidemurnit inorest de non se quo, quod recte etiamque multite te omnino ad.', 'Am natur rationem nobis opus praeda non, ad hae ilitionis non ipsa are.', 'childcare', '2020-06-06', '03:47:28', '02:30:38', 'Sequitatio pleriquid posse nobistimum isset, scripta malivi ate quam entibi quasi.', DEFAULT, DEFAULT, '{"Ilem":"Idua quippe docet"}', DEFAULT, DEFAULT, DEFAULT), ('b0e4eec9-0dea-5c57-894f-e80cd690c27d', '6a70671e-1100-50e4-85b6-58d41e3ccc96', '8e775c1e-8d89-5887-8f18-d1ffa412630f', 'Putarbitrat posse metrodorem propter ea assecut nec, in constitionem adiit met conquis.', 'Liberet modo inquit es singulis.', 'transportation', '2020-06-22', '14:17:53', '19:19:38', 'In iditione vim vidia quae, doloris praeterit et levatis tractavio multos.', DEFAULT, DEFAULT, '{"Il":"Habet faciendustria"}', DEFAULT, DEFAULT, DEFAULT), ('f5e1233d-96af-5e91-b139-5f5631282ddd', '163680ab-90a3-53bb-9091-0076aec536d0', '6698580a-cc51-525c-9d6e-8b6968c8d0c3', 'Nis ea commune ut temperciplin sic quod, privamican privam naturum multis scribimis quae.', 'Laudatque dicebas odit vel d.', 'transportation', '2020-12-28', '15:54:34', '08:27:44', 'Eumque sed ratio im gratiam scribent epicur.', DEFAULT, DEFAULT, '{"Torem":"Discenset ego"}', DEFAULT, DEFAULT, DEFAULT), ('1bb3ee11-4a9b-5827-9164-d8bb33897cd5', '8fa54153-7894-574e-9f02-99e0f562dd74', '3c4483cd-b89b-5572-b933-cd6385194b2f', 'Lucillud necesse ut alique facet et epicullam.', 'Aetatomni nullam sint commundi vel omnes graecos, hominum soleat gloriae diu inhaerernum tum de.', 'childcare', '2020-01-01', '09:35:59', '01:00:00', 'Partemporis cotid sint et quod probetiamsi.', DEFAULT, DEFAULT, '{"Inum":"Animam orem ant"}', DEFAULT, DEFAULT, DEFAULT), ('4870ba2c-e895-5223-8cd0-d74d9c552e89', 'a5a99731-e674-5645-9a75-967e8b5f65ec', 'f6cf5c21-4547-5392-8a65-ecd94513782c', 'Nec pareat concursione quae aut, conscientia fortunae tum fictae il expetentes admonerud sed.', 'In quo et tollitteris ob, oporum ea necest haec qui autem.', 'childcare', '2020-08-12', '22:28:08', '10:37:56', 'Ocur inclusionis nostras fruuntur agin tam et, as voluptatis ius inquam sapientiam.', DEFAULT, DEFAULT, '{"Debitere":"Amicurque vel"}', DEFAULT, DEFAULT, DEFAULT), ('ebb26fa1-bd0f-5818-a64d-9bf0cdb41fcb', '998320cf-208b-508c-b376-50a11bd264a7', '01b669bb-66b0-5786-ac99-01b5d98566c8', 'A sentiunt nam vero primo atiunctione, conet quae erendi idita caritus sed.', 'Natur quia a excruciant ipsummum de sin, quia vider probattento nulla ut.', 'transportation', '2020-05-21', '22:33:44', '21:21:43', 'Nec fastidium isti neque physicistra dolore, ne sollicamus et rerumque morbi missummum it tam.', DEFAULT, DEFAULT, '{"Enimperspic":"Nulla ilissimplic"}', DEFAULT, DEFAULT, DEFAULT), ('6c9b4736-037e-5782-afca-3fac5f3676dc', '955b4def-39fe-534e-b1d7-1e2109b53989', '7589d582-a570-566d-896d-8be5d751a91d', 'Qui numquam cupidendos bene et numquam et bonorum.', 'Non quid sicomne solum quam expleantur iam graecis, potesse pericore quis natur ab mihi ipsas laborumquam.', 'event_help', '2020-03-03', '14:45:44', '01:23:37', 'Locis vel am epicus in.', DEFAULT, DEFAULT, '{"Et":"Torum sine"}', DEFAULT, DEFAULT, DEFAULT), ('f3eb1970-2984-5ed0-bb0d-9c3df9fdbb1c', '02e388f8-ee80-51d6-bec7-c8f89fc85411', '66d845df-ef98-53e9-a459-c7a1676262db', 'Praetere quibus voluptas laborum placuitur idium severta.', 'Regiosum fortas quid tradideri videm positatio oporate factis.', 'event_help', '2020-09-13', '00:24:45', '14:31:59', 'Posse ut diffictae tento ex propter, cum eumque ex sed autem quidem.', DEFAULT, DEFAULT, '{"Cumque":"Fere utrumque"}', DEFAULT, DEFAULT, DEFAULT);
INSERT INTO auth.users (instance_id,id,aud,role,email,encrypted_password,email_confirmed_at,invited_at,confirmation_token,confirmation_sent_at,recovery_token,recovery_sent_at,email_change_token_new,email_change,email_change_sent_at,last_sign_in_at,raw_app_meta_data,raw_user_meta_data,is_super_admin,created_at,updated_at,phone,phone_confirmed_at,phone_change,phone_change_token,phone_change_sent_at,email_change_token_current,email_change_confirm_status,banned_until,reauthentication_token,reauthentication_sent_at,is_sso_user,deleted_at,is_anonymous) VALUES ('5086ad3c-a573-553d-ae8c-803854758444', '9bd689c7-dc02-5adb-ae17-5b48319e526a', 'Quasi quo inem sequi ad sed plusque.', 'Omnino via singulosop a inquam, temperum ut afferatis debilia quid ire acut.', 'Sed iisque maximprobab leniat ne qui solenimi aliquidae.', 'Omne supermittat ereratem dici bello quae, disputassen autem virtute melius ob curri.', '2020-05-05T04:34:08.000Z', '2020-05-13T05:02:42.000Z', 'Umque litter atque est ut utione detrimentur expetentis, et captetur anument ut dis omitis adiunctione et.', '2020-12-28T11:14:50.000Z', 'Voluptate nobiscuntur placeat quibus vero, pro in vero rerum entera laetitudit eria.', '2020-09-05T08:21:15.000Z', 'Alii dicest ibus volunditat has, quidem mors cupidque spe in ocennius.', 'Virtus sunt motum vera nomint es supere.', '2020-11-23T22:59:04.000Z', '2020-04-16T15:09:26.000Z', '{"Statua":"Exedunt alitatis"}', '{"Recortet":"Et ani"}', 't', '2020-07-23T18:20:57.000Z', '2020-11-23T10:10:36.000Z', DEFAULT, '2020-07-11T18:58:57.000Z', DEFAULT, DEFAULT, '2020-08-24T07:33:22.000Z', DEFAULT, DEFAULT, '2020-03-19T15:04:46.000Z', DEFAULT, '2020-09-05T20:22:03.000Z', DEFAULT, '2020-09-01T08:18:44.000Z', DEFAULT), ('24345bf4-2672-53f2-94f1-56651cd2c8da', '4ad9a26f-f609-57b9-87c5-f6d4a2dc8e9c', 'Potest sed mollis sic haec.', 'Ad intemperii quod es hanc, eten est acest mollis fabulla quo ipsos.', 'Deinde nulla petenti qui habenti efficiat me.', 'Suis in modumque efacia sua, sed et sed epicosop er.', '2020-10-10T09:36:40.000Z', '2020-09-01T20:16:31.000Z', 'Suam institionem solitia dolora ad, metuque in ine voluptatib fugiendum carerat rationibus.', '2020-02-22T01:32:35.000Z', 'Constitut in non quasi sed morbos et quarum.', '2020-01-21T00:38:27.000Z', 'Ob quid quidem fit triarius, tum faciendi tam caecille graece mente.', 'De maximus qui et posse dignisi.', '2020-09-05T09:11:07.000Z', '2020-09-17T20:18:11.000Z', '{"Regulator":"Etsi neque"}', '{"Et":"Expeccant sit"}', 'f', '2020-10-18T09:59:31.000Z', '2020-11-15T10:33:33.000Z', DEFAULT, '2020-09-21T20:49:42.000Z', DEFAULT, DEFAULT, '2020-08-20T19:43:05.000Z', DEFAULT, DEFAULT, '2020-10-26T09:53:07.000Z', DEFAULT, '2020-04-04T04:02:22.000Z', DEFAULT, '2020-09-05T08:35:27.000Z', DEFAULT), ('e74dbed3-b133-5e96-a355-1b7beefeb49c', '910b5963-c706-5bee-a544-3527d8c81ad6', 'Iudicitiis meque platonis tam ilita discipitud modo.', 'Nem natur es omi neque probab se, erero parentes physici a ent.', 'It pacuvii aut dolorates intemperum tibi rebus liberatur.', 'Ut enimum sit totus sine fuisse et, cum tamen ipsumeret omnisi est.', '2020-10-02T09:21:30.000Z', '2020-03-07T14:05:36.000Z', 'Effecta nec omnes non nostram.', '2020-06-02T17:11:54.000Z', 'Rem dicenimus discipio praecepicos etur satistiman maxime aut.', '2020-02-18T13:30:11.000Z', 'Quam praebeat aptis consent ferata e, esse cogita endum modo et.', 'Illa vitae omum hic igit id idque, qui apudit aut illum refere ut etur.', '2020-01-09T01:02:36.000Z', '2020-03-23T14:52:14.000Z', '{"Inem":"Caleret ipsi"}', '{"Multos":"Iucunditas quae"}', 't', '2020-05-25T16:47:45.000Z', '2020-12-24T23:31:19.000Z', DEFAULT, '2020-06-02T17:35:54.000Z', DEFAULT, DEFAULT, '2020-10-06T22:10:23.000Z', DEFAULT, DEFAULT, '2020-06-26T06:07:53.000Z', DEFAULT, '2020-07-27T18:26:50.000Z', DEFAULT, '2020-02-26T13:49:12.000Z', DEFAULT), ('17a23312-86ef-52bc-9c5b-6b52ad8a1346', 'c1daf9ce-3174-5447-915e-84db1c975925', 'Quidem corruptis quaedam suapte qui causae nominmorte.', 'Quod potesse et philosopus possim.', 'Etricest nullo pellatintel audeam scriptoriae.', 'Eo physicis a videbatum cum natur omni, tem afferre ant et a ratu aegritudit cum.', '2020-08-20T07:43:26.000Z', '2020-11-15T10:10:21.000Z', 'At sollicit contentiae sic quasi est.', '2020-01-25T13:04:23.000Z', 'Voluptas amorata tribustus dicetur cupid facitero id habendiscip, splendidicta si res quod praesent orum expleantur et.', '2020-03-27T02:10:43.000Z', 'Dici aut puto cum litura esse quo accurat, atione pacem quae partientium omnia eo molest.', 'Scripta et etiam quantum autem, discipi praesendi titur elisse sed claris.', '2020-12-05T00:02:26.000Z', '2020-07-07T06:20:26.000Z', '{"Et":"Tibi fugiat"}', '{"Quidem":"Potesto saepti"}', 't', '2020-01-21T00:26:20.000Z', '2020-12-08T23:31:17.000Z', DEFAULT, '2020-01-01T12:22:02.000Z', DEFAULT, DEFAULT, '2020-01-17T00:02:08.000Z', DEFAULT, DEFAULT, '2020-05-25T16:09:39.000Z', DEFAULT, '2020-11-19T22:25:14.000Z', DEFAULT, '2020-02-02T13:28:11.000Z', DEFAULT), ('e2a85cde-55d0-5657-b11e-240d3b7fc0ea', '485d93dd-184f-50ed-aa09-c5ffc77ade5f', 'Per it omorem ant voluptate per malum constitiones, virtutem potest leniturus causa quod omornatur.', 'Senectus tibus nec id placet sit modo sophoc.', 'Possima quam est quae ipsummum iam explicab sed.', 'Autem cum neque cum verbis, facienter verbum plane praesent sunt ut cognitatio iucuniae.', '2020-11-03T11:00:36.000Z', '2020-04-12T15:41:31.000Z', 'Graecisci quo voluptate sint putatque non ob.', '2020-04-24T15:29:08.000Z', 'Ex omis quidem omis decore utus voluptas endas.', '2020-10-10T21:31:53.000Z', 'Inas desper efficiatur vulgo et tem esse homincorpor, autem et ensa consequuntur si.', 'Quoque nostrum aut ignaviam est affere elli sollicito.', '2020-07-15T06:35:08.000Z', '2020-08-20T19:49:37.000Z', '{"Ob":"Ac ete autem"}', '{"Omnium":"Potesse affere hones"}', 't', '2020-03-23T14:37:13.000Z', '2020-10-18T21:57:52.000Z', DEFAULT, '2020-06-26T05:51:34.000Z', DEFAULT, DEFAULT, '2020-12-05T00:13:52.000Z', DEFAULT, DEFAULT, '2020-04-16T16:01:38.000Z', DEFAULT, '2020-10-18T09:43:12.000Z', DEFAULT, '2020-12-28T11:23:49.000Z', DEFAULT), ('b4cbd393-974b-5ebe-a7c9-45670115a1fc', 'dcb833a3-0d4a-5140-ac77-a178cf686b47', 'Neces de morborum antur sed.', 'In neque quaeque posse ad.', 'Populo suum e interum ei ferendas, quid dulce idittendis nulla non theophrastus contra deritionis.', 'Et quidem abo de interminus simus spernatus necesse.', '2020-03-03T14:41:05.000Z', '2020-11-27T22:20:42.000Z', 'Et modo im constituit meminis et sus.', '2020-03-03T02:14:52.000Z', 'Sed necest multissimis probo repugiendis alleviorib.', '2020-10-14T09:21:49.000Z', 'Non et orum maioresto bonum quo voluptates.', 'Sin utramura notis coercertis animiae quam, difficiunt refere nostrum comitation neque.', '2020-11-27T22:26:18.000Z', '2020-06-10T17:56:19.000Z', '{"In":"Audiebam dicere"}', '{"Ad":"Ad referno hic"}', 'f', '2020-06-10T18:08:40.000Z', '2020-06-10T05:43:44.000Z', DEFAULT, '2020-05-09T16:34:12.000Z', DEFAULT, DEFAULT, '2020-12-12T11:11:11.000Z', DEFAULT, DEFAULT, '2020-09-01T08:23:31.000Z', DEFAULT, '2020-01-25T00:22:33.000Z', DEFAULT, '2020-04-20T03:59:43.000Z', DEFAULT), ('84f798c1-6125-5d7d-b24b-608357ad8795', '40924e6d-aeea-5897-ba70-41c13c1edc93', 'Praesentii iudicium si maxim omni.', 'Ea nec latum nos nomindocti non.', 'Controvere metus ac suis sum dolora, saepe suis corpus eor audita mediocrem atomni si.', 'De tollitur per a qui.', '2020-10-22T21:48:17.000Z', '2020-06-26T06:09:38.000Z', 'Autem sabinatem defenda et sed quanta seditiae iudicur.', '2020-04-12T03:49:13.000Z', 'Offenditat antiam nos cn est es, ne estiae operuntur sapiens haec malum est.', '2020-03-23T02:28:00.000Z', 'Consuetudit expediti mihi im quibus.', 'Vestra quaerimperven laborum esse aut.', '2020-08-16T07:31:02.000Z', '2020-10-06T22:01:59.000Z', '{"Etiamsi":"Dolores eorum"}', '{"Hoc":"Adiunctione neque"}', 't', '2020-10-22T21:17:45.000Z', '2020-03-23T14:31:37.000Z', DEFAULT, '2020-04-24T15:54:04.000Z', DEFAULT, DEFAULT, '2020-01-01T12:22:02.000Z', DEFAULT, DEFAULT, '2020-02-14T02:03:55.000Z', DEFAULT, '2020-07-03T18:56:58.000Z', DEFAULT, '2020-04-16T15:53:57.000Z', DEFAULT), ('0a879e97-1b62-5b69-b411-499e5d03620b', '216993d1-a771-5faf-a0a5-b8ca93a7c64c', 'Quarum vero possunt quidem viden ut, ait consequeret nulla quis aspersecut tribuaturum in.', 'Modum modo sic et alterdicta es quia.', 'Solum eiusdem nec it alitatque, quibus omni quaeri ea integre.', 'Et quod detere ab hic, quidem numquam nullo et nec doctrina nondum.', '2020-03-07T14:17:44.000Z', '2020-10-26T21:34:35.000Z', 'Venantibi aliquid nobis virtutum suum melius quo.', '2020-07-27T18:06:26.000Z', 'Providindiv tradida est eadem tum de quo, assuevere ad afficita est quietus rebus dictum quia.', '2020-06-02T05:48:08.000Z', 'Sed offenditur complexionis non teriri facerri si, res tota evolutus dicit sedita is probo non.', 'Vel ulerim stabillabor sed saepe percursiones.', '2020-10-06T09:21:19.000Z', '2020-08-04T07:33:24.000Z', '{"Potionem":"Naturae mnesartifex"}', '{"Contra":"Horum et vidi"}', 'f', '2020-11-19T22:59:00.000Z', '2020-02-18T01:45:34.000Z', DEFAULT, '2020-03-11T14:53:12.000Z', DEFAULT, DEFAULT, '2020-05-17T04:51:14.000Z', DEFAULT, DEFAULT, '2020-06-02T17:33:55.000Z', DEFAULT, '2020-04-04T15:54:41.000Z', DEFAULT, '2020-10-18T21:54:30.000Z', DEFAULT), ('2c10c09f-18b4-55e7-9c24-6d4cd445b1e0', '83501e4f-6ad9-5753-a480-2592cd09d15e', 'Rem ratione autem et recte, quid animbutus spe deseris id causam.', 'Falsi quid antiqua o inesse maximus aut.', 'Quaeque quae praebeat splendidici dis malis fugiendi, et sanosopor essarum inum stabilia.', 'Doceat poribus quodsi praesenime quidem, inesse ad hae autemus democritea.', '2020-06-10T05:30:06.000Z', '2020-09-09T20:39:01.000Z', 'Terror id modum ut quidnam iditatem successervir refere.', '2020-09-25T08:15:45.000Z', 'Pararisse es desid non modo.', '2020-08-20T19:54:38.000Z', 'Si filium sententiam animus cum ut nosmetuam, per referno nulla non iucunum aut.', 'Maxim non quae se hoc nihillud quis, si sublatin labore hic quis miserea.', '2020-11-23T10:58:30.000Z', '2020-03-11T14:37:43.000Z', '{"Mors":"In ille quiddam"}', '{"Ad":"Factorquatum rerum consequitat"}', 't', '2020-01-09T01:00:58.000Z', '2020-04-16T03:31:35.000Z', DEFAULT, '2020-05-21T04:32:40.000Z', DEFAULT, DEFAULT, '2020-07-27T06:50:08.000Z', DEFAULT, DEFAULT, '2020-05-09T16:52:09.000Z', DEFAULT, '2020-01-17T12:36:52.000Z', DEFAULT, '2020-02-02T01:50:19.000Z', DEFAULT), ('014e7fac-0ae9-59da-a6b7-1096cabb20bf', '4267b9f5-17d8-511f-82a0-cabd80cc8ec1', 'Ocari per adverum est audac ea apud necesse.', 'Recoria reformidin neque quid quo, am orum cupidinquit naturque igim cn explicab ut.', 'Re cum eadem tem nihillud noctes sentitum inanimi.', 'Quoque omitatque tamen ipsi facullum ex.', '2020-07-19T06:23:05.000Z', '2020-11-03T10:59:34.000Z', 'Scriberem non temperanim modo est, tenebitiam ipso il vitium quid aperatis.', '2020-07-23T06:13:57.000Z', 'Satis a avererti autem molest, theophrasti affirmisis nulla sed discerte suo interdici.', '2020-05-05T04:06:31.000Z', 'Oriberos non nisi eos posuit.', 'Credo tibi adhuc dolorum homindignis inquit.', '2020-05-21T16:34:31.000Z', '2020-06-26T05:20:20.000Z', '{"Arenda":"Quicquid ex"}', '{"Requietisti":"Quod sum requietis"}', 't', '2020-02-22T13:40:02.000Z', '2020-02-06T01:41:17.000Z', DEFAULT, '2020-04-28T15:08:14.000Z', DEFAULT, DEFAULT, '2020-07-27T06:45:21.000Z', DEFAULT, DEFAULT, '2020-12-12T12:15:38.000Z', DEFAULT, '2020-01-05T00:09:31.000Z', DEFAULT, '2020-06-26T05:22:05.000Z', DEFAULT), ('529a7d09-8968-5d49-a6f6-ea89017d47e6', '2547b60a-b2e2-5612-a733-926b7a3d5ecf', 'Stoici sum afferrentur a in.', 'Qua voluptatem et vult sequimuro facillum beatae.', 'Et dici finita vitam alique ans linatio quod.', 'Est et a sine consecut haec causa.', '2020-05-17T16:56:01.000Z', '2020-05-25T17:00:06.000Z', 'Fert nam ne nec quanto voluptate mei ratione, verendum suum lat vindictumel id levam non.', '2020-12-13T00:03:51.000Z', 'Quid voluptas modo summa sapientium rentur lendustriae labefficit, hanc consule anum qui dicant metu totamus quo.', '2020-03-23T03:05:18.000Z', 'Sententiam deinde causa disserension solum se sed negent.', 'Rer ad est nullo cum et, eas intus sunt ab nam.', '2020-09-01T20:46:49.000Z', '2020-09-09T08:21:46.000Z', '{"Dixi":"Sunt efficiant dicta"}', '{"Tamentiant":"Voluptatib et ipsam"}', 'f', '2020-09-05T20:47:35.000Z', '2020-04-04T15:08:11.000Z', DEFAULT, '2020-04-08T03:41:00.000Z', DEFAULT, DEFAULT, '2020-06-14T05:18:52.000Z', DEFAULT, DEFAULT, '2020-01-09T01:03:39.000Z', DEFAULT, '2020-02-10T01:51:30.000Z', DEFAULT, '2020-11-19T23:11:43.000Z', DEFAULT), ('0918ec57-4f7d-5a35-babf-ac8c854c564e', '82985247-b515-5167-a5f3-41858a554bdb', 'Tamquam iurias transferre aegrito iucunt, tempertinctio cordans non quam quibusant de solum enimagam.', 'Quod voluptate te rediens sin.', 'Optionem detractis cum neglegerror quam cuiquam, amicur sunt id undius autem est dicere his.', 'Mihi voluptate sine voluptate est es nominstructus quaeque, ius cendarum vituptatem unum et.', '2020-09-17T20:17:29.000Z', '2020-05-17T16:28:52.000Z', 'Qui andisputat cere scriptum aut, cibo aut viventur iis diis sed voluptate plerum.', '2020-05-13T04:05:57.000Z', 'Argumenim ei rutillare vitae aborem pauca modo, propos extremum studia ipsi comit.', '2020-12-08T23:44:48.000Z', 'Manu maiora propteris democur cernimis autem.', 'Ipsa maluisti utante bonassenten corrupti.', '2020-02-22T01:50:45.000Z', '2020-04-28T03:30:51.000Z', '{"M":"Etiam nostris"}', '{"Videre":"Vulgo postremo sed"}', 'f', '2020-08-16T19:55:30.000Z', '2020-02-26T01:38:43.000Z', DEFAULT, '2020-07-27T18:58:52.000Z', DEFAULT, DEFAULT, '2020-08-16T20:10:32.000Z', DEFAULT, DEFAULT, '2020-01-17T13:03:12.000Z', DEFAULT, '2020-02-18T13:57:34.000Z', DEFAULT, '2020-02-26T13:05:23.000Z', DEFAULT), ('b7b3fd69-9aba-5c54-9110-4c8198c2738d', 'c1e15ed2-86c7-5911-b2b3-4d1449e1dcf4', 'Meminita en igitasper magissentan at fieri perant sint.', 'In conscientia ante nec inquam iis neque historquatum.', 'Neque sed protere est efficiis dolortumel dicata multi, quem in incultari eo numquam.', 'Identibus aut possunt probe quo possit quam, est alias aliendorum memore ille.', '2020-11-07T22:36:47.000Z', '2020-10-14T21:20:04.000Z', 'Veri in esse sed memorattul eos epicita.', '2020-12-08T23:48:10.000Z', 'Atest in cur dubium futur, moda o democerea ipsi qui itasperum eorum contum.', '2020-02-06T13:02:15.000Z', 'Ne orum et ante cum in cum.', 'Fonte repeloquen vero de quod, alique desiditas filium quae est et ratio quae.', '2020-05-17T04:14:11.000Z', '2020-02-22T01:50:04.000Z', '{"Rerum":"Ad praetor est"}', '{"Verbis":"Et suum autem"}', 't', '2020-10-22T09:36:16.000Z', '2020-02-22T01:35:51.000Z', DEFAULT, '2020-06-02T17:21:13.000Z', DEFAULT, DEFAULT, '2020-01-05T12:28:02.000Z', DEFAULT, DEFAULT, '2020-02-10T01:29:01.000Z', DEFAULT, '2020-03-19T14:06:58.000Z', DEFAULT, '2020-09-13T08:16:43.000Z', DEFAULT), ('5580b9bf-56e4-564b-969f-0aa4902da7b7', '02d88ec6-7d0e-5771-a5c0-9777dd8232ce', 'Ilius vel mensae non inut salut ore itiam, consulatque sit profectatem voluerunt multi.', 'Est illum si patria bene ulatis inum et, temperfruique quam or sum atione.', 'Is mihi toteli num pugnari congressuscip.', 'Ne eadem opibus intuemura et viderinter nobis dis, facet mirarendi omnes si voluptas necesse.', '2020-03-07T14:51:45.000Z', '2020-01-17T12:12:58.000Z', 'Legunt confirmiser tamenimi lucilo vivendi fugiendi, maxime solum non aliae non moles cum.', '2020-07-03T06:14:19.000Z', 'Vult malit ab quae etiam eos, iucuna beatequid quae nec inter ere.', '2020-06-02T17:43:36.000Z', 'Levamican erenimum itura virosopus turpis te ius ipsisse, quidem sit magnumquam is quo declaramic invideant vita.', 'Ait de eamus quidem tamenditat quarum desperii, diliguntur ipsa utamican rebus si.', '2020-07-23T06:50:04.000Z', '2020-02-26T01:26:01.000Z', '{"Consiliis":"Entemper il"}', '{"Afflueret":"Mutae quae"}', 't', '2020-10-26T21:47:31.000Z', '2020-01-09T00:04:06.000Z', DEFAULT, '2020-07-11T06:13:38.000Z', DEFAULT, DEFAULT, '2020-08-12T19:40:45.000Z', DEFAULT, DEFAULT, '2020-11-03T10:24:36.000Z', DEFAULT, '2020-10-22T22:02:15.000Z', DEFAULT, '2020-09-01T20:58:42.000Z', DEFAULT), ('0abbfe1c-c684-5062-80f4-47ffa39fe056', 'bd8bb37e-9c9e-5a6d-acaa-a6a6ca57af6a', 'Legisse maximadver quae maluis non deterabis doceat, audiebam leganimus linate vel theophrasti.', 'Ipsos ab sem desideros solam itos.', 'Omni aut et dicest eadem, quae ant undum animperpet infinibus.', 'Ficia in iurias ationesse et, sitne odum deniquid nisi illam doloria adiunt.', '2020-09-09T21:08:37.000Z', '2020-06-10T17:08:11.000Z', 'In reprehenem d perspici invenirca.', '2020-10-02T22:04:29.000Z', 'Quod loque rationem ea cupidenti non, exissim et milit in est.', '2020-07-11T06:43:07.000Z', 'Vidia inbecillim probest discerte placetiamsi itatus.', 'Hoc graecum cum quae in dolorum.', '2020-02-26T02:04:42.000Z', '2020-02-06T01:21:50.000Z', '{"Prosperfectus":"Adquiescertae pericium"}', '{"Modo":"Tentiae aegritustat"}', 'f', '2020-11-07T11:00:06.000Z', '2020-10-06T21:26:06.000Z', DEFAULT, '2020-08-20T07:35:18.000Z', DEFAULT, DEFAULT, '2020-04-08T15:49:51.000Z', DEFAULT, DEFAULT, '2020-01-21T12:49:44.000Z', DEFAULT, '2020-02-14T13:38:37.000Z', DEFAULT, '2020-12-17T00:02:59.000Z', DEFAULT), ('b16706f9-40d1-57da-9899-5bf969a6d25d', '1db5fcb3-6390-522e-ab02-3da57550bc33', 'Alias nostrum inbecile disserentis ine teri.', 'Et atque ine religanum omnium, sit peran hoc dicamus inbecille ida es.', 'Estiae iri in voluptatem quam simae ut, refere virtute minoratio datione neque sit audiri.', 'Plus causa quidem qui sentio ipsa adducim scaevole.', '2020-04-12T15:21:22.000Z', '2020-11-07T10:11:02.000Z', 'Malorem enda capedicar a provine eas semperant iudico, at potest privavit ne possit comparab et dolorem.', '2020-09-17T08:47:18.000Z', 'Summam rerum fuisse res dicent ferri non litterpretar.', '2020-05-01T16:33:29.000Z', 'Nam divintelleg haec fugiendi quid videantur cn fecta.', 'Ego possum solum aut ut quoque.', '2020-03-07T02:58:51.000Z', '2020-01-09T00:13:40.000Z', '{"Audactandem":"Cohaeres locus"}', '{"Prosperciper":"Scripta summam quas"}', 't', '2020-04-28T03:56:21.000Z', '2020-09-13T21:04:22.000Z', DEFAULT, '2020-05-13T04:21:41.000Z', DEFAULT, DEFAULT, '2020-06-14T18:05:42.000Z', DEFAULT, DEFAULT, '2020-05-25T16:42:45.000Z', DEFAULT, '2020-03-11T14:15:34.000Z', DEFAULT, '2020-03-15T15:03:32.000Z', DEFAULT), ('e1d7c617-5d35-5e4a-bb81-e8f152720449', 'ca89f177-523e-573c-b9e4-da8ad52621a8', 'Est in untur placeat fugiatur, in egantiqua celerga sine adiuntur pronunt nominter.', 'Nec cupiderud philos isse reici eo mandarum.', 'Ea putanim altera et praeclaret sentant al continctio, quanta qui pleristemper crudeli quaerito quidem esse.', 'Sed potest gaudeat dolem aequum uberriti es elab.', '2020-12-16T11:57:31.000Z', '2020-05-09T04:22:05.000Z', 'Clarior videat iudicura voluperim sint civium.', '2020-08-12T07:16:38.000Z', 'Autem praetere quaerimum tur iditione nam propterdictum.', '2020-05-13T16:51:38.000Z', 'Possumus eos satis doloris vim manu dicta sine, est pateri magna contra afficiungim sit repeloquen ad.', 'Epici est totum praeclare et.', '2020-12-04T12:14:13.000Z', '2020-03-11T14:16:16.000Z', '{"Quidem":"Parte fingitur"}', '{"Malumque":"Qui quamquam quos"}', 't', '2020-09-21T21:08:28.000Z', '2020-01-05T12:19:46.000Z', DEFAULT, '2020-12-16T11:48:53.000Z', DEFAULT, DEFAULT, '2020-07-11T18:14:48.000Z', DEFAULT, DEFAULT, '2020-07-23T19:10:21.000Z', DEFAULT, '2020-06-02T17:09:06.000Z', DEFAULT, '2020-02-02T13:17:00.000Z', DEFAULT), ('29f346cc-35db-5ee5-be5a-322152fee3dd', '964d473d-6489-59f5-8557-bea9efd0b840', 'Probis qui accusandum graecistiman aut im.', 'Ab nec pertineant facilem faceritat dum ut magisdem, etiam et atrumpiter inan defenim quae.', 'Videre ut reperitar ut necesse, fortunt non epicit suam intellegan ad vellem etudo.', 'Probis dicit afferen iis dixi reforumque fortunt sapientiamque.', '2020-03-15T02:20:53.000Z', '2020-04-28T15:41:27.000Z', 'Etita molesse negare si dubium ocartempor.', '2020-04-28T03:38:46.000Z', 'Sit cognos non expetatque apeiriantur, erare in ipsa ut voluptas gravis vituptator et.', '2020-06-02T05:29:43.000Z', 'Magis volunt confirmat impercurri posuitas in quid ratione, dulce licamus de are facim.', 'Natorest in quid virtutibus homine in.', '2020-11-23T22:50:27.000Z', '2020-05-21T04:12:02.000Z', '{"Bene":"Nobissimae libiderib quod"}', '{"Quaedam":"Tua ab cum"}', 't', '2020-10-10T22:04:16.000Z', '2020-06-22T05:06:38.000Z', DEFAULT, '2020-07-27T06:36:09.000Z', DEFAULT, DEFAULT, '2020-01-25T12:26:38.000Z', DEFAULT, DEFAULT, '2020-08-24T07:56:47.000Z', DEFAULT, '2020-04-20T03:21:44.000Z', DEFAULT, '2020-12-21T00:05:44.000Z', DEFAULT), ('2b300836-388d-5a2b-be3b-f9fcf53dacbd', '2f515ef7-9bcc-5194-8de2-ca2f421daf63', 'Itaque a non quidem voluptatib endi.', 'Ipsis frequentiam dicere mis voluptatem referosop corporistim.', 'Quidem et bonorem liberiorem nihillustrib, tam versam ab locus anim.', 'Ant fingi in dis quas quasi.', '2020-01-05T12:32:00.000Z', '2020-03-03T15:06:15.000Z', 'Haec desiderun virtutiores distrahi in inere orum si.', '2020-10-06T09:28:47.000Z', 'Summum it nullam reque quod et despersecut.', '2020-05-09T04:04:50.000Z', 'Non hosti alleviorem parte am causa.', 'Quidem vendibillar vitium ex confecit, tantum quociri auctorem circumangor brevit.', '2020-09-01T20:12:19.000Z', '2020-09-13T20:55:31.000Z', '{"Frustra":"In tritant quae"}', '{"Inscientia":"Solum nihilii"}', 't', '2020-09-17T09:08:38.000Z', '2020-01-25T12:45:23.000Z', DEFAULT, '2020-11-15T10:59:52.000Z', DEFAULT, DEFAULT, '2020-01-05T00:58:27.000Z', DEFAULT, DEFAULT, '2020-08-20T19:12:55.000Z', DEFAULT, '2020-04-12T15:23:35.000Z', DEFAULT, '2020-06-06T05:30:43.000Z', DEFAULT), ('98440a65-f4ef-5c2b-b145-3c666dd3b75d', 'ddf98390-7f09-5e8d-a0a4-f9ff7a469f35', 'Vocentur doloribus pediri recus non expedientiam.', 'Ea doctis appetula tament etiam legi eturi pluribus, esse frustra aut is sed.', 'Nec il entur de nis tractate.', 'Et eamque iucunde voluptas vitamicur.', '2020-07-15T19:01:14.000Z', '2020-09-13T08:25:55.000Z', 'Apsa iudicural cordia expetendo tore, eque studiose nostri eae quidemus dissermoner.', '2020-10-18T09:54:58.000Z', 'Poris illo genus is quidem tantalo.', '2020-06-22T17:18:17.000Z', 'Sed obliviones nullo in doloritav, torqueanturum intelleger quantum sitne sapientiam alemurque mihi nobis.', 'Mors potestia erroribus qui liber.', '2020-03-23T14:10:53.000Z', '2020-11-11T10:29:31.000Z', '{"Es":"Sit indignitioq"}', '{"Ad":"Conscientia dissentior accusanim"}', 'f', '2020-05-09T16:52:08.000Z', '2020-01-21T00:34:50.000Z', DEFAULT, '2020-11-19T10:51:26.000Z', DEFAULT, DEFAULT, '2020-09-09T20:54:17.000Z', DEFAULT, DEFAULT, '2020-11-27T10:21:24.000Z', DEFAULT, '2020-10-06T10:07:49.000Z', DEFAULT, '2020-04-20T03:54:22.000Z', DEFAULT), ('306778a8-eb3d-5afa-9a2d-9c318401d3e5', 'e5a72b3a-4e83-580b-8518-25d894c7a716', 'Aut suscipiatur mortem iucunde saepe.', 'Tibi tamus dignae physici hunc videt homindocui notionem, certe nostra maxim quietus retinduce aliae sint.', 'Minus apeiriant sit tria non allicitia es serueretur, amicet praesida multos praesenim et verum.', 'Invendibil infanti consulatis causa nos deorsuscipi autemus bene, de interunt mortissimil ut hominercit.', '2020-05-05T04:42:11.000Z', '2020-08-12T19:22:21.000Z', 'Ab fugienti nec sale autem cursionem, si incomplurim fecti omi quae grata arem.', '2020-08-20T07:31:13.000Z', 'Es loqui suspicio antibi voluptas semperspectum videt.', '2020-02-06T13:54:41.000Z', 'Animi praesent sanguinem quia et tamendum in, cursu ent intellegeb saper haec crederetur.', 'Quem contemper in non praeteris cum voluptat, gratis pulcherrimum ut voluptatem familes.', '2020-05-17T04:35:58.000Z', '2020-11-27T22:17:26.000Z', '{"Poetis":"Opharum et"}', '{"Cum":"Aut dolorus"}', 't', '2020-03-19T02:11:38.000Z', '2020-11-15T22:10:56.000Z', DEFAULT, '2020-03-11T14:48:40.000Z', DEFAULT, DEFAULT, '2020-02-22T01:34:13.000Z', DEFAULT, DEFAULT, '2020-02-26T13:53:09.000Z', DEFAULT, '2020-12-16T11:37:50.000Z', DEFAULT, '2020-07-27T18:32:54.000Z', DEFAULT), ('d1f8e6d5-1972-5afc-916b-afb6a4e500c6', '12ad42b9-b04e-583d-89b3-7c76c553e6fa', 'Sentientium sed eo deniquid parta, adquiescerte restate ad valet reforum.', 'Idem nec quapropter facit fuisse cum nihilius.', 'Quo idque nam adhibuitur causam faciendum.', 'Ii quidem quam modius voluptatem habet, a erga pecundus quorum voluptatis quibus.', '2020-12-04T23:27:43.000Z', '2020-11-27T10:25:07.000Z', 'Idua et sapiente esse erintelleg blandit, non e et commeminquit ego aliquando primis es.', '2020-04-08T15:40:52.000Z', 'Quidem telos graeci instituam eritaque divitur est.', '2020-05-09T04:37:28.000Z', 'Clamatius inant liberenti filio ob, qui quaestionem er claudicullam ut percursiones modo.', 'Iudicarum legentur placuitur omnem pectantum, dolorem sic temeris de penit legent.', '2020-09-17T08:13:03.000Z', '2020-07-19T06:21:49.000Z', '{"Ant":"Quid perpetentum vacuit"}', '{"Sunt":"Civitatum cum approbare"}', 'f', '2020-04-16T15:11:39.000Z', '2020-07-19T06:43:14.000Z', DEFAULT, '2020-02-06T01:37:47.000Z', DEFAULT, DEFAULT, '2020-05-01T04:30:14.000Z', DEFAULT, DEFAULT, '2020-02-06T13:24:31.000Z', DEFAULT, '2020-09-17T08:39:37.000Z', DEFAULT, '2020-06-18T05:59:56.000Z', DEFAULT), ('b568665f-b60e-55f1-8ee9-47a71faf374f', 'f0ae97d8-6770-547a-b0ae-774fbabd32ae', 'Appellant laborum divid gloriae iucunt, puto initum secut in ordationem natus sed.', 'Supere et cum inest ut potesse, patientiam ipse dolorter saxum sus quidem.', 'Rebus suum sumus omnino est.', 'Quam aut bonorator quaedamicit tantum deniquem in monstret.', '2020-07-07T06:51:54.000Z', '2020-06-02T05:05:08.000Z', 'Gregest voluptas et ine facillam ob lucilii, dictas ea breviteral tanta ea.', '2020-04-28T03:10:55.000Z', 'Util significos fortitur vero consensibi rudem hoc nissimilit.', '2020-12-08T11:59:50.000Z', 'Quam ad converearum non a obiecta.', 'Qui de sit a cum quae, iam simi spe omnia e neganim romanimpen putem.', '2020-02-14T13:22:47.000Z', '2020-03-27T14:25:03.000Z', '{"D":"Quibus sapiens"}', '{"Il":"Quaeri et"}', 't', '2020-08-20T19:38:19.000Z', '2020-03-07T14:44:38.000Z', DEFAULT, '2020-03-07T02:20:38.000Z', DEFAULT, DEFAULT, '2020-08-12T19:44:08.000Z', DEFAULT, DEFAULT, '2020-10-10T09:45:38.000Z', DEFAULT, '2020-09-25T20:08:38.000Z', DEFAULT, '2020-08-08T19:34:30.000Z', DEFAULT), ('75f2e76b-8fff-5900-9338-1617777fd0fd', '93e6d9d6-f628-5a4e-b95e-33baf57111c7', 'Torquatus cum minis datione domintem nec.', 'Pore idque patriam finit latinpenden, cum dixi potest expeterat dicebim andi es.', 'Declinatio eum tantum inavocrit aut.', 'Totum ad quod omnis ad quod tum exeraret, ab amicitia opho a commodo are.', '2020-03-07T02:32:10.000Z', '2020-05-09T16:53:54.000Z', 'Quam rem imamorum sine in incidia ore in.', '2020-09-09T08:46:21.000Z', 'Omnium et illud quis ore a discedo.', '2020-12-08T23:41:04.000Z', 'Negendarum vidista putanimped concedo nec, itur te quo disserenim ocenim.', 'Sunt is quid um quae, dixistota ocentium ex utionem solut.', '2020-02-10T13:22:57.000Z', '2020-07-23T18:26:32.000Z', '{"Autem":"Ad motum nec"}', '{"Ent":"Praeteritiis praesidie"}', 'f', '2020-04-24T03:34:30.000Z', '2020-04-20T15:45:58.000Z', DEFAULT, '2020-01-13T12:24:27.000Z', DEFAULT, DEFAULT, '2020-09-05T20:16:42.000Z', DEFAULT, DEFAULT, '2020-02-06T13:14:51.000Z', DEFAULT, '2020-11-15T22:34:15.000Z', DEFAULT, '2020-09-05T20:46:17.000Z', DEFAULT), ('10d0d9b6-6dc8-5205-ac65-367ed3b6e625', '4cf4b89c-f236-562a-90c0-e81e800915bd', 'Eo qua sempercipi omnisi quam.', 'Si paene perante quaeso graecis et ari in.', 'Causa et didis est quos in hic, nec anim effluere est detere ex tibi.', 'Disputare didicur est tractavita fit sedenimpet de vero, sentire ere as approbes quem is docendam.', '2020-12-24T23:43:26.000Z', '2020-10-14T09:46:24.000Z', 'Abil nobis consis omnis ida ut omni sit.', '2020-03-23T14:49:20.000Z', 'Etur sit homingenii neque quia es tum.', '2020-01-05T12:35:02.000Z', 'Quod nobis ipsa secunt hominteris.', 'Quid est quia ars sunt id quid ponsummum.', '2020-10-18T21:30:02.000Z', '2020-08-20T19:44:02.000Z', '{"Nihilius":"Quosdamna in tamenime"}', '{"Quae":"Graeci comitura simulla"}', 'f', '2020-08-16T07:32:04.000Z', '2020-03-11T02:11:23.000Z', DEFAULT, '2020-05-01T04:33:15.000Z', DEFAULT, DEFAULT, '2020-05-01T17:00:59.000Z', DEFAULT, DEFAULT, '2020-04-12T15:43:44.000Z', DEFAULT, '2020-02-14T01:45:30.000Z', DEFAULT, '2020-09-09T20:45:53.000Z', DEFAULT), ('29c556be-9171-5b71-be10-1c5e32cecfcb', 'a840c9e9-1fda-58ea-a3d3-031ed5092022', 'Mundi dolorum malis multos diligunde.', 'Neque finibus latin viderum adamicur suo adesse cum, quid el insequentium ulum nulla.', 'Signifermit exerarbit pectamenim sapiendi gessis si dulce, quoniam mirari inas ans factis leniatur dolor.', 'Cordiae vertatem detraxition expedienum audeam omnia.', '2020-07-19T06:22:44.000Z', '2020-02-26T01:26:29.000Z', 'Complurime status reret late personae prospexitur, ipsas iustitudin quibus homin viverates proptere.', '2020-06-10T05:45:56.000Z', 'Sumeralter videt male ita desid, videamque etiam ut voluptatem quam qui vitam nam.', '2020-04-24T03:47:54.000Z', 'Beate tantamentium arbitraret singulos ad vera est virtus, praetert ad nascuntur ut quos es.', 'Hoc tota maximicia discipiant platonis inorum alter.', '2020-03-03T02:39:12.000Z', '2020-10-18T09:28:45.000Z', '{"Et":"Tum maxim sine"}', '{"Optimavi":"Quos momens"}', 'f', '2020-04-16T15:12:28.000Z', '2020-08-28T19:43:55.000Z', DEFAULT, '2020-04-16T03:32:16.000Z', DEFAULT, DEFAULT, '2020-01-05T00:25:22.000Z', DEFAULT, DEFAULT, '2020-11-07T22:54:51.000Z', DEFAULT, '2020-08-08T08:04:48.000Z', DEFAULT, '2020-11-15T23:01:03.000Z', DEFAULT), ('e38e07b0-bd17-515d-ac97-a4707a258b7b', '9d4514a8-e5d6-530a-93fe-aa428c1a7748', 'Tum causa non im evenimpen imus, si sensibi debitatque quapropterror factis.', 'Epicur et libere a bonis, ari omnia tamentis es nisi.', 'Est nominanim fieri sequat et cum a sensibi, possimo controverit tem legum eretiam a talo.', 'Modo molesse genus in habet omni a dis.', '2020-04-12T15:55:44.000Z', '2020-08-04T07:44:35.000Z', 'Tellegano multos e sic e.', '2020-06-22T17:53:43.000Z', 'A vitae gravis quae summo transferre solum.', '2020-06-22T05:51:58.000Z', 'Seritural am quisquam quam debitas, et num explicat si eosque quae ine de.', 'Ituri voluptatem nam linatis malum sint plane et.', '2020-08-20T07:27:29.000Z', '2020-12-04T23:38:26.000Z', '{"Itate":"Omni inest atione"}', '{"Am":"Ius desidere et"}', 't', '2020-09-25T20:24:57.000Z', '2020-10-02T09:41:46.000Z', DEFAULT, '2020-03-03T14:40:16.000Z', DEFAULT, DEFAULT, '2020-12-08T12:07:03.000Z', DEFAULT, DEFAULT, '2020-06-10T17:25:12.000Z', DEFAULT, '2020-04-28T15:32:21.000Z', DEFAULT, '2020-06-22T17:56:09.000Z', DEFAULT), ('e50f9e47-6fc2-514b-923a-0efcffb59e14', '2d36cefd-a271-56ab-8f65-2b5eda49caf8', 'Epici eos en possum sit locum.', 'Ulant pernatur is possit voluptate.', 'Posset necestiae erga et non multavio si, affecta magna numquam fugienae quando.', 'Semperfungim quam poetistrari profecto qua interminus videorum novum.', '2020-02-06T02:04:57.000Z', '2020-09-05T20:45:14.000Z', 'Quod nes et manenturbul quodsi liber gaudem, discipiet il tandum voluptate are ut.', '2020-09-05T20:22:10.000Z', 'Veniam de res profectica potescenset, autemus et dirigitat ei sit at voluptatem quae.', '2020-09-01T20:36:33.000Z', 'Ut inandi dolorem et quantum gubere voluptas, tament mortalibus a sicomnia infinisse voluptatem.', 'A et sum quod sum gratia chrysippe.', '2020-05-25T16:52:25.000Z', '2020-02-14T01:39:54.000Z', '{"Sed":"Entur memorest referitur"}', '{"Itat":"Et defent soliditat"}', 't', '2020-03-19T14:31:40.000Z', '2020-01-21T00:10:01.000Z', DEFAULT, '2020-05-05T04:37:59.000Z', DEFAULT, DEFAULT, '2020-11-07T23:11:38.000Z', DEFAULT, DEFAULT, '2020-06-26T05:21:23.000Z', DEFAULT, '2020-01-09T00:31:08.000Z', DEFAULT, '2020-03-15T02:40:55.000Z', DEFAULT), ('52b60ee6-34ea-573b-a21d-857a83ca3ed7', 'f8fd6679-cb37-54ba-9f0c-f0842458e584', 'Medium inter aegritum constantia causam velituros igitur.', 'Fuerito medeam dicaverud explicab in effici us, recoriscun saepti iam deducerud si audiebam facere.', 'Esse delectram et oratigat quanto ut vitamureis non, autem status defutrum vel tentiae quem cum.', 'At a dis fugiatistis de varias monet nec, quoque andis omorum voluptatum beatus quam omnis.', '2020-09-25T20:16:48.000Z', '2020-10-06T21:10:01.000Z', 'Legendum videnda videt mihi ipsam quo.', '2020-06-26T17:21:03.000Z', 'Iudiciorem sit esse mel reprehenim.', '2020-10-06T21:48:35.000Z', 'Sibus sine natur aturus quae, idcirco magni est doloratio ationem recus haec non.', 'Cum pulcherrimum sunt antiam non, ad alia nulla de quo.', '2020-01-13T12:01:43.000Z', '2020-01-21T00:45:12.000Z', '{"Quo":"Atione erab"}', '{"Utus":"Bella sed maestitia"}', 't', '2020-04-04T15:16:56.000Z', '2020-11-27T10:45:03.000Z', DEFAULT, '2020-10-10T09:25:36.000Z', DEFAULT, DEFAULT, '2020-12-04T11:50:41.000Z', DEFAULT, DEFAULT, '2020-07-03T06:22:42.000Z', DEFAULT, '2020-01-09T12:19:22.000Z', DEFAULT, '2020-07-11T06:22:01.000Z', DEFAULT), ('7a3a7961-23b2-55eb-8ffc-310360f44903', '234e9216-fb9f-57be-90ba-6e91f0ae9db3', 'Quidem quae tentus enimamus putant clamatura tua.', 'Ea peccandi quae ant vellem tari.', 'Plena ac torum voluptatos latin voluptate domo earumque, sit de aeterius nam bonum quae.', 'Dictasse cupidonem mandam philosophia assum, si cognitiae ter quid iudicurrer irrida.', '2020-02-26T13:57:42.000Z', '2020-12-24T23:33:18.000Z', 'Vias inveniri nec verisse viveri neque idem, consequatur voluptas sine cur idonis esset potioribus alique.', '2020-05-13T04:26:28.000Z', 'Satistim inum c iis pecunt sit quid, non mihi etura debilii animus.', '2020-08-08T19:38:00.000Z', 'Ad efficiatur rerum cupiderit ant in etiam, quod spe ut voluptatem et quis sed.', 'Quae sublat sit videtiam ere, summum mi potesse nisi quidem quid in fana.', '2020-05-05T17:04:33.000Z', '2020-11-15T10:47:46.000Z', '{"Is":"Ego ut alias"}', '{"Philos":"Videt est"}', 'f', '2020-10-06T09:55:07.000Z', '2020-04-12T15:21:50.000Z', DEFAULT, '2020-04-08T04:03:36.000Z', DEFAULT, DEFAULT, '2020-05-21T16:41:51.000Z', DEFAULT, DEFAULT, '2020-01-01T01:01:32.000Z', DEFAULT, '2020-11-11T22:40:56.000Z', DEFAULT, '2020-08-04T07:57:45.000Z', DEFAULT);
INSERT INTO public.profiles (id,email,full_name,avatar_url,phone_number,timezone,notification_preferences,created_at,updated_at) VALUES ('9bd689c7-dc02-5adb-ae17-5b48319e526a', 'Malunt sit physicissemper maior si mundi.', 'Morbi est isti ari sicut.', 'https://avatars.githubusercontent.com/u/17094208', 'Iudicur nos crudele vita metuque perum es.', DEFAULT, DEFAULT, DEFAULT, DEFAULT), ('4ad9a26f-f609-57b9-87c5-f6d4a2dc8e9c', 'Corrupte aut nihiliae displicab philos, quem sequat maiorem quamquam etiam doloris triarius.', 'Tam bello maximi nullo recoris ut inum.', 'https://avatars.githubusercontent.com/u/50849815', 'Nec am aut cognitionem facitiscun metu.', DEFAULT, DEFAULT, DEFAULT, DEFAULT), ('910b5963-c706-5bee-a544-3527d8c81ad6', 'Praeterab ipsa graeca estum potesse, ne veritatib ilem veritur aut quid.', 'Ilit everam alest maledunt grata, etur sempiterri sane et vera inavitur det.', 'https://avatars.githubusercontent.com/u/69999494', 'Omnes me difficitur nec ipsa saepe.', DEFAULT, DEFAULT, DEFAULT, DEFAULT), ('c1daf9ce-3174-5447-915e-84db1c975925', 'Se cognomin et quarum est ea.', 'Est fugientiamque dicta laborteat oblivionis.', 'https://avatars.githubusercontent.com/u/81691277', 'Quod artes qui maloratur eosque a non.', DEFAULT, DEFAULT, DEFAULT, DEFAULT), ('485d93dd-184f-50ed-aa09-c5ffc77ade5f', 'Autem quae itaque eum ut hominsidiar int alterassid.', 'Qui voluptatis virtutum ac endum dixi autem, autem fuisset expetere ipsas quod.', 'https://avatars.githubusercontent.com/u/63025802', 'Adiuvari vivere quid quidamicur et rudem.', DEFAULT, DEFAULT, DEFAULT, DEFAULT), ('dcb833a3-0d4a-5140-ac77-a178cf686b47', 'Apsa nihiliari epulati loque et, anum nis nisi nosterem voluptate aut potes desermis.', 'Ut earum tibi iis se malum tu.', 'https://avatars.githubusercontent.com/u/7986352', 'Sive quaerenti scribi modicosop etiam ut, quo tamenim solum ne fautrica propterae scaevoli.', DEFAULT, DEFAULT, DEFAULT, DEFAULT), ('40924e6d-aeea-5897-ba70-41c13c1edc93', 'Extremum leguna anest defutus vitae intellegim ea venire, numquamquam undius et vel collegum sensuum beatae.', 'Ipsa suppetension potest est aptius.', 'https://avatars.githubusercontent.com/u/85595655', 'Ponderepic sequeret prorsuscipi quibus inter.', DEFAULT, DEFAULT, DEFAULT, DEFAULT), ('216993d1-a771-5faf-a0a5-b8ca93a7c64c', 'Idem discerte esse natur de carum estias non.', 'Non secut me dicanim si restationib.', 'https://avatars.githubusercontent.com/u/79118350', 'Nostris fructuosamic etiam quanti tamquam etur.', DEFAULT, DEFAULT, DEFAULT, DEFAULT), ('83501e4f-6ad9-5753-a480-2592cd09d15e', 'De quae sed legis provid, maiorestiae timerat parvam sapientiam munitia.', 'Atrumque tam graecis natura ex necest rem.', 'https://avatars.githubusercontent.com/u/18491771', 'Disseruerin quam ignorat qua ipsas mediocritud quidem affecta, nominsatis obiecta eo expediendus peritati animpertin quae non.', DEFAULT, DEFAULT, DEFAULT, DEFAULT), ('4267b9f5-17d8-511f-82a0-cabd80cc8ec1', 'Cum quae declinam omnisi maiorum sin.', 'Finitani amicur confirmati vita summum mandarum quid de.', 'https://avatars.githubusercontent.com/u/43624765', 'Modo metumque ipsa audiri te aut ipsis qua, ipsa sententus autem dum conquis ut.', DEFAULT, DEFAULT, DEFAULT, DEFAULT), ('2547b60a-b2e2-5612-a733-926b7a3d5ecf', 'Fuisse delectica esset distinerig potes, reliquantur nec am eganda voluperar rerum ute.', 'Gravis tentiamque nullo sequit nostercapti libero escenses ine, disserens iudicer ipsi autem nullas ex sed loco.', 'https://avatars.githubusercontent.com/u/8476718', 'Sunt praesiditaq efficta itiae recordata quae tentiae necest, inione consecundo sit explicem finxeratque inate modo ipsam.', DEFAULT, DEFAULT, DEFAULT, DEFAULT), ('82985247-b515-5167-a5f3-41858a554bdb', 'Expetentib distinguique probare venire es autem facilla, quam epicit sumus dicerudin e atem autemus.', 'Tempus illoquuntur ignavi efficientiam voluptas, ipsa et soleat his quantus.', 'https://avatars.githubusercontent.com/u/83135771', 'Ad cum legime si atum ob gratista, existi qua quod nam ilius.', DEFAULT, DEFAULT, DEFAULT, DEFAULT), ('c1e15ed2-86c7-5911-b2b3-4d1449e1dcf4', 'Intemperum quibus in pauca essarius pertinctio, utille senecto quam doloresse morbos non omnes paterta.', 'Et maiora errationem ratio nissima.', 'https://avatars.githubusercontent.com/u/44044943', 'Ad sero horum perspecta videant.', DEFAULT, DEFAULT, DEFAULT, DEFAULT), ('02d88ec6-7d0e-5771-a5c0-9777dd8232ce', 'Alitata medium quisitur hoc disputo tant, doloriosum prorsus de nondum atusque neque.', 'Bona sollicebas hoc gymnasia vel exaudiri vitam venusdam, nostrum ne esset gravis haerere tollitur laborum incuratque.', 'https://avatars.githubusercontent.com/u/48587561', 'Itur fieri sed dixiscuntur hic ut modo ea.', DEFAULT, DEFAULT, DEFAULT, DEFAULT), ('bd8bb37e-9c9e-5a6d-acaa-a6a6ca57af6a', 'Mihi principlinam maximus quam exiscenda ad perum definterpret, aut fastidium dixi voluptas nomini.', 'Putatil est mihi haereraliae ido.', 'https://avatars.githubusercontent.com/u/25684260', 'Et poternatur non et numquam domin mererita.', DEFAULT, DEFAULT, DEFAULT, DEFAULT), ('1db5fcb3-6390-522e-ab02-3da57550bc33', 'Et ipso physicis statua moratamic nam legum ut, cupio quae eamque propriusque sentite id.', 'Ea hac vivamplific sic diuturbestiae praeserendus sequam, primum in satisque exorata nimus qua mortempore vitam.', 'https://avatars.githubusercontent.com/u/9455047', 'A est legerque platonemol probitat meo.', DEFAULT, DEFAULT, DEFAULT, DEFAULT), ('ca89f177-523e-573c-b9e4-da8ad52621a8', 'Et possingulis et recorum dirigitat cognosci eadem enti.', 'Malum e aut litter inerita videbate ego.', 'https://avatars.githubusercontent.com/u/51571172', 'Se ille remis et sentianus et fructuosamic.', DEFAULT, DEFAULT, DEFAULT, DEFAULT), ('964d473d-6489-59f5-8557-bea9efd0b840', 'Etur ocere versantur anda decornamen sed hostemporro est, veniunt tamendam eadem quin hostemperfruiq ophia quid.', 'Nec semperum refere vituptates posse studiosam litterminim nonne, graviora haerereten quidem non segnitudo.', 'https://avatars.githubusercontent.com/u/11059306', 'De huius provina vidus sumercitat int.', DEFAULT, DEFAULT, DEFAULT, DEFAULT), ('2f515ef7-9bcc-5194-8de2-ca2f421daf63', 'Et esse utile et voluptat.', 'Talibus modum cere sit inante eorum, nec sunt et discernimis est um aut.', 'https://avatars.githubusercontent.com/u/45514814', 'Logikh et nam et intellegun, tota etiam monerudin gessis nec.', DEFAULT, DEFAULT, DEFAULT, DEFAULT), ('ddf98390-7f09-5e8d-a0a4-f9ff7a469f35', 'Et vestra nihillud idinflammat et plus sit rerum, ipsummam depulartem numquam igant exis dolorest.', 'Molitus serita eamus aut iliore se quibus, en quam variisque fructuosam este parentis.', 'https://avatars.githubusercontent.com/u/53623010', 'Sapiendarum deinde es nullas voluptatem voluptate locum.', DEFAULT, DEFAULT, DEFAULT, DEFAULT), ('e5a72b3a-4e83-580b-8518-25d894c7a716', 'Possit se morbos amicandis hocles praeteris, probo quam et quamquam contra cupid bene praesens.', 'Puerosophor numquam accesseren delectus quasi temperspicuum locus.', 'https://avatars.githubusercontent.com/u/99761285', 'Sitamicis restate ipsi ate quorum desidinter et quae, omitatem equos fuisse ipsam seritatum.', DEFAULT, DEFAULT, DEFAULT, DEFAULT), ('12ad42b9-b04e-583d-89b3-7c76c553e6fa', 'Tum verterror rationis et acut in copios, domus ob res talibus quae.', 'Mundi sic ea natur sed.', 'https://avatars.githubusercontent.com/u/42145969', 'Et instructiorib temperum nihil intellegat est ponentur hanc.', DEFAULT, DEFAULT, DEFAULT, DEFAULT), ('f0ae97d8-6770-547a-b0ae-774fbabd32ae', 'Sit metuque quo despercipit morbos coniunt sed erga, iudicuri fieri nisi ne defindivit sit stultorqueantur.', 'Possunt te quae omnia discipera esto autemus parta, praetulis numquam hoc veniri eo tamque nisi innumeri.', 'https://avatars.githubusercontent.com/u/59190177', 'Neque traderamus possit si rerum.', DEFAULT, DEFAULT, DEFAULT, DEFAULT), ('93e6d9d6-f628-5a4e-b95e-33baf57111c7', 'M facile habentur et haec.', 'Ego ibusque videtiam fere sed, tibus physicis quae et ilius.', 'https://avatars.githubusercontent.com/u/53756460', 'Vero tractatem et tum reprehenim imus in, iucunt quae inprobare ipso quosvis.', DEFAULT, DEFAULT, DEFAULT, DEFAULT), ('4cf4b89c-f236-562a-90c0-e81e800915bd', 'Exhorribil quasi pertur est tribus eri.', 'Adestum in aequit ne qui potendum ut sint.', 'https://avatars.githubusercontent.com/u/20674413', 'Potientia propter semperfectric estias tam, panaetium sint summum nec eadem.', DEFAULT, DEFAULT, DEFAULT, DEFAULT), ('a840c9e9-1fda-58ea-a3d3-031ed5092022', 'Numquam censes minimis quodsi ida contra.', 'Atest a aut enda adamation est latinum, maximo a te tam conter hoc quae.', 'https://avatars.githubusercontent.com/u/46115737', 'Ingenus natur eius ne quidem discernimis met.', DEFAULT, DEFAULT, DEFAULT, DEFAULT), ('9d4514a8-e5d6-530a-93fe-aa428c1a7748', 'Civium fugientiamus ne quamvis tamque patet a cent.', 'Coercere finitaque ortet evendum modum sapiens amicition, repugnantib etura imus as hoc im.', 'https://avatars.githubusercontent.com/u/26059151', 'Non ad cum maximi ab omitur at.', DEFAULT, DEFAULT, DEFAULT, DEFAULT), ('2d36cefd-a271-56ab-8f65-2b5eda49caf8', 'Quid quidem scientia probandistin eo propriae.', 'Fugientium seiungi qui explicabo cum nulla, epiceman temper stoicis et invita male.', 'https://avatars.githubusercontent.com/u/95385442', 'Infantestib moles aut etria despicorem solideret quis a.', DEFAULT, DEFAULT, DEFAULT, DEFAULT), ('f8fd6679-cb37-54ba-9f0c-f0842458e584', 'Nihillis delectica mihi voluptate veritation hoc an confirmam.', 'Satis satiabilla viven vivent consilio aut, nesciunt civibus aut frustra nec.', 'https://avatars.githubusercontent.com/u/83284172', 'Explicii voluptatum tollitteres quam aut depulsa accedersia, viven quid triarius magnisi domest tam.', DEFAULT, DEFAULT, DEFAULT, DEFAULT), ('234e9216-fb9f-57be-90ba-6e91f0ae9db3', 'Cyrenaicis dicendiscer quos praeserri osita quisquisitis, parum praeterratio esse referierun coercendi es.', 'Gravit te nihile quam numquam sine.', 'https://avatars.githubusercontent.com/u/69270533', 'Quid vos vendibil ad ermitati ura et expetua, amurum ulandisput crudeli eum am.', DEFAULT, DEFAULT, DEFAULT, DEFAULT);
INSERT INTO public.groups (id,name,description,invite_code,created_by,created_at,updated_at) VALUES ('34fada5a-885f-543b-8e94-20b83f476ca9', 'Tam incommodo alia ab metu habeat bonassiduit non, es quis il amationes nis illus.', 'Posid est uberudin labores es amur cordia iudicor.', 'Satiabilis possit opincia docti ut.', '9bd689c7-dc02-5adb-ae17-5b48319e526a', DEFAULT, DEFAULT), ('fee9574c-0313-5f53-9603-7605933ff451', 'Aut beatae endi necesse gauderit sine qui at.', 'Ere sentiam em sicinerror ab.', 'Aperrore interis ex inter me despertinen adolvendis.', 'c1daf9ce-3174-5447-915e-84db1c975925', DEFAULT, DEFAULT), ('417f3803-e742-51dc-a8d6-9b16b7999351', 'Etura quae animo doloribus possunt et ipsa summo, nosmetuque quod legatque verbis iudicore sumusdamur quidemus multavitis.', 'Non esse consummum erratu quamquam dis exis ore.', 'Pendere litterminim quae cum aeque beatae.', '40924e6d-aeea-5897-ba70-41c13c1edc93', DEFAULT, DEFAULT), ('534072f2-48c1-5ee6-8a3e-00557a3459fb', 'Desere in summum iguam et.', 'Quidem sequamural aut es nostrum, eo voluptation officit philos quod seque.', 'Quae ea omnia nullam ex, a dicantiam futurnumquam ore consisse posse.', '4267b9f5-17d8-511f-82a0-cabd80cc8ec1', DEFAULT, DEFAULT), ('9180ed64-dccf-5fba-a238-09859c4363f7', 'Ab probis legatque non quis et videt et.', 'Privatem eum sedat mnesari nec neque sunt quo, iisque quam cum sentiendo cotidcircum nullo et cumque.', 'Quidem non adhibenim te qui.', 'c1e15ed2-86c7-5911-b2b3-4d1449e1dcf4', DEFAULT, DEFAULT), ('fa692555-5614-5b86-974b-df8155bbb6ca', 'De omnes il versatis an litterum praeterim.', 'Est ludus ant potesse quae concludation consequatur et.', 'Ationem et iudicurae quod appellatin.', '1db5fcb3-6390-522e-ab02-3da57550bc33', DEFAULT, DEFAULT), ('0fc0ce27-f55d-551f-8209-cdae7cbb481e', 'Adveri democculta nihil hoc imam persecut.', 'Sedit arbitrerum dictum levam et magnitatis potesse expediri, ob det foris et facere est aequum epicitat.', 'Consul latinfere patiendore tament quo tempus bonorumque autem.', '2f515ef7-9bcc-5194-8de2-ca2f421daf63', DEFAULT, DEFAULT), ('4abdce02-9948-56af-9f58-1f96b5e244e2', 'Minus est afficere non forte si magnum, endum si opereat democcultum aret necesse.', 'Et fruunturpis voluptasse et redientia iucunt in adhibuitur, huc nulla hoc partus quod est.', 'Sublat affecto inum et discorrupis totamicur quidem salut, inanime etenderit modo minimi maluisse idita ut.', '12ad42b9-b04e-583d-89b3-7c76c553e6fa', DEFAULT, DEFAULT), ('bf11e288-e49c-5417-9413-fc72c264e8d1', 'Voluptatem eo quibus haec triarium.', 'Fabullam quis expeccanes qui sinatio id aut.', 'Videat formidant ratio doleri omistunam probab.', '4cf4b89c-f236-562a-90c0-e81e800915bd', DEFAULT, DEFAULT), ('15ff4944-4139-5903-a007-bb234f692f9f', 'Sentenditat esse modicus in magis eo sempertiner inos.', 'Avit as nosmetu et graecosopes discideria quidem, doloris molest triario cum ante acunde magnisi.', 'Ophorrentur ea culte anda andum, pluribus explicaret abile modo quando paene.', '2d36cefd-a271-56ab-8f65-2b5eda49caf8', DEFAULT, DEFAULT);
INSERT INTO public.availability_requests (id,group_id,created_by,title,description,request_type,requested_date,start_time,end_time,location,is_urgent,is_recurring,recurring_pattern,status,created_at,updated_at) VALUES ('0283e16c-d9a9-5c8b-9c40-56e58b74cc3d', '34fada5a-885f-543b-8e94-20b83f476ca9', '4ad9a26f-f609-57b9-87c5-f6d4a2dc8e9c', 'Sentianus quae diuturei estem quid philos nasci.', 'Temportaria si quid e enimad in entium quae.', 'childcare', '2020-05-13', '22:40:36', '13:40:02', 'Rebus id est se metu inandae modo, quod quisquam postea percipi de.', DEFAULT, DEFAULT, '{"Quaeri":"Tamque delicium"}', DEFAULT, DEFAULT, DEFAULT), ('96058c39-e7c6-59f4-a317-fba4fcdb680f', 'fee9574c-0313-5f53-9603-7605933ff451', '485d93dd-184f-50ed-aa09-c5ffc77ade5f', 'Censet natur plurim mediocrem etiam.', 'Posse inquam nulla iditates inem, voluptatum cum et a quae.', 'emergency', '2020-10-14', '01:57:23', '14:08:03', 'De hoc laudate metu animus proficur, sistate suo em libent maiorest.', DEFAULT, DEFAULT, '{"Vel":"Et debenimi"}', DEFAULT, DEFAULT, DEFAULT), ('9f937625-54ff-5650-be86-dfdef116834a', '417f3803-e742-51dc-a8d6-9b16b7999351', '216993d1-a771-5faf-a0a5-b8ca93a7c64c', 'Et inanimi est probesse is dedocritus tu sunt, aeteret extremum voluptate fingi ipsa legestiae ate ad.', 'Sane amare accussit maxime memorest recte en.', 'transportation', '2020-04-12', '21:35:35', '08:42:49', 'Quam nulli maximos partiendo percipi atius iudici.', DEFAULT, DEFAULT, '{"Estias":"In escertamen omnia"}', DEFAULT, DEFAULT, DEFAULT), ('bc54fcd7-a439-545a-b79a-96d0c26e69cd', '534072f2-48c1-5ee6-8a3e-00557a3459fb', '2547b60a-b2e2-5612-a733-926b7a3d5ecf', 'Ceramare si quo placatum intercaped vestra non autem, carit e quidem plus tractatibus e contemporis.', 'Sunt dolorum se nam scriberitur liberi re, diuturnumquam fugitatem il sit idit.', 'general_support', '2020-02-02', '07:25:40', '15:46:02', 'Secuta non desid dixistunt fieri, igit non vitae detractis quid.', DEFAULT, DEFAULT, '{"Tantumcum":"Quae tollitur"}', DEFAULT, DEFAULT, DEFAULT), ('62b4522c-8a2b-52a5-9884-950ca26f194f', '9180ed64-dccf-5fba-a238-09859c4363f7', '02d88ec6-7d0e-5771-a5c0-9777dd8232ce', 'Nihillum sanos laudante dulce quaeque, postea voluptatem tota obiecta desid eas sine.', 'Medium tant quo insidenim causa non aequit, licitia cum ad praetere omnino.', 'childcare', '2020-07-15', '14:51:35', '02:00:27', 'Quo causa fallare memoribus quamquamquam epicia referantur, legi proprius et omnem mediocrium.', DEFAULT, DEFAULT, '{"Aut":"Andro vult praesenda"}', DEFAULT, DEFAULT, DEFAULT), ('51ee23fd-2a22-519d-888c-e39b5a61d92a', 'fa692555-5614-5b86-974b-df8155bbb6ca', 'ca89f177-523e-573c-b9e4-da8ad52621a8', 'Consequerun bello dolorum sed iderigit non apparentiam epicet, autem uti necestum id reperimum ipsos est.', 'Minimus earum mortis voluptatem tollitterem anitur recta diis, rem assensibi logikh sanosoper reliquarum chaere mihi.', 'childcare', '2020-09-05', '21:36:39', '10:41:49', 'A ad privavistim neganimos quicquamquam dis, neque esse rebus vocenimo voluptate.', DEFAULT, DEFAULT, '{"Ac":"Posset nam se"}', DEFAULT, DEFAULT, DEFAULT), ('5446b79f-df1c-5f76-86d9-38e88f082ab5', '0fc0ce27-f55d-551f-8209-cdae7cbb481e', 'ddf98390-7f09-5e8d-a0a4-f9ff7a469f35', 'Ut sumus quod sit viden.', 'Ut vocendum voluptatem videns tam, voluptatem de voluptatis levius et.', 'event_help', '2020-11-27', '03:15:07', '09:30:02', 'Saluta sunt aut causamicem geren dicenta liber possit.', DEFAULT, DEFAULT, '{"Vel":"Erti ant"}', DEFAULT, DEFAULT, DEFAULT), ('69fd25a2-736b-5852-9c58-b6126cd09d92', '4abdce02-9948-56af-9f58-1f96b5e244e2', 'f0ae97d8-6770-547a-b0ae-774fbabd32ae', 'Orartes eum in doleamus non metu, menante non quod officerat nulla potesse et consequatur.', 'Tuo sapiendistin possit et nomin, uta bonorios ipsa facillam es.', 'social_visit', '2020-12-13', '23:17:15', '16:32:34', 'Bonas igitare eo dicita sed labitante et hoc, summum alios geomet homin diogendum tibus cupidin.', DEFAULT, DEFAULT, '{"Aperret":"Converter a"}', DEFAULT, DEFAULT, DEFAULT), ('bd62fe77-fcc9-5c2a-871e-9ccb9d0b0dfe', 'bf11e288-e49c-5417-9413-fc72c264e8d1', 'a840c9e9-1fda-58ea-a3d3-031ed5092022', 'Aut sapientia quietusdam inoptimum mihi fugienter ore.', 'Omi ei sed momen compossimum cum, est praeterem verita est graecisdem.', 'transportation', '2020-06-06', '19:22:14', '11:26:21', 'Nem probaremus mihi successio vel expetentur.', DEFAULT, DEFAULT, '{"Possit":"Vel tibiquam"}', DEFAULT, DEFAULT, DEFAULT), ('f28043de-d22f-5ae6-b28c-7bd1bb0f5f8b', '15ff4944-4139-5903-a007-bb234f692f9f', 'f8fd6679-cb37-54ba-9f0c-f0842458e584', 'Fuga parvam bonumque sine maximagam modus, etiam voluperir quae maiorest moment ore velinasper.', 'Dente crudelab sitne a em.', 'childcare', '2020-10-10', '15:53:37', '04:15:01', 'Primum alii quiddam opibus tamen ceteramic habenimped est, sum primum opinterea perspici alest.', DEFAULT, DEFAULT, '{"Singulos":"Exis aut primos"}', DEFAULT, DEFAULT, DEFAULT);
INSERT INTO public.availability_responses (id,request_id,responder_id,response,notes,available_from,available_until,responded_at,updated_at) VALUES ('47213fd7-96d7-53d0-94a5-23788166d8ce', '0283e16c-d9a9-5c8b-9c40-56e58b74cc3d', '910b5963-c706-5bee-a544-3527d8c81ad6', 'maybe', 'Il eret se quasi voluptat nem itare physicis.', '14:13:48', '10:53:18', DEFAULT, DEFAULT), ('2186e507-010d-5f8b-8de3-f959006b54af', '96058c39-e7c6-59f4-a317-fba4fcdb680f', 'dcb833a3-0d4a-5140-ac77-a178cf686b47', 'yes', 'Quem ere partus hoc inem.', '10:05:16', '22:23:53', DEFAULT, DEFAULT), ('e52f36e7-3f6d-5816-a658-95bc57b88820', '9f937625-54ff-5650-be86-dfdef116834a', '83501e4f-6ad9-5753-a480-2592cd09d15e', 'maybe', 'Postulane non pecunt voluptate videtud tranquilli contra, saepe inquit nostris ut cordans em ipso ratio.', '06:29:45', '16:45:33', DEFAULT, DEFAULT), ('2c93a846-04e9-5b40-9d60-5028d8266290', 'bc54fcd7-a439-545a-b79a-96d0c26e69cd', '82985247-b515-5167-a5f3-41858a554bdb', 'no', 'En totamico mihi tamentium es satis litteris.', '01:15:24', '21:26:44', DEFAULT, DEFAULT), ('cbc0edd2-8f3c-5720-ad1b-fb6cae80f4f2', '62b4522c-8a2b-52a5-9884-950ca26f194f', 'bd8bb37e-9c9e-5a6d-acaa-a6a6ca57af6a', 'no', 'Aut fidertima id laudab non.', '22:23:16', '05:37:08', DEFAULT, DEFAULT), ('12d14f92-615d-5e8c-9c92-9bd0d64f1d96', '51ee23fd-2a22-519d-888c-e39b5a61d92a', '964d473d-6489-59f5-8557-bea9efd0b840', 'maybe', 'His nostri cui quodsi perii sent.', '19:17:51', '03:15:11', DEFAULT, DEFAULT), ('8e670b82-3c57-5892-ae80-aece6f294e2f', '5446b79f-df1c-5f76-86d9-38e88f082ab5', 'e5a72b3a-4e83-580b-8518-25d894c7a716', 'no', 'Sit notista voluptates fugientiamque quam inest inam ad.', '04:30:18', '05:31:16', DEFAULT, DEFAULT), ('637a8bcc-5890-5057-ac51-51670682aacc', '69fd25a2-736b-5852-9c58-b6126cd09d92', '93e6d9d6-f628-5a4e-b95e-33baf57111c7', 'yes', 'Quaeque terenturbul audiebamur theophrasti cupidem.', '07:12:30', '23:17:01', DEFAULT, DEFAULT), ('cbdbd103-5444-5c74-a8ef-fff028bddb19', 'bd62fe77-fcc9-5c2a-871e-9ccb9d0b0dfe', '9d4514a8-e5d6-530a-93fe-aa428c1a7748', 'maybe', 'Non intellegit ego quem mnesargumen nunc, ophiae cum et est rerumque inanim est.', '12:41:16', '21:41:14', DEFAULT, DEFAULT), ('9742b15c-33ad-5277-83b3-37ae3de95ae3', 'f28043de-d22f-5ae6-b28c-7bd1bb0f5f8b', '234e9216-fb9f-57be-90ba-6e91f0ae9db3', 'yes', 'Quidam ex quidemus dis nulla, ob quaerenim vidis tamentur quo beatusque consequitur.', '01:27:55', '10:36:43', DEFAULT, DEFAULT);
INSERT INTO auth.users (instance_id,id,aud,role,email,encrypted_password,email_confirmed_at,invited_at,confirmation_token,confirmation_sent_at,recovery_token,recovery_sent_at,email_change_token_new,email_change,email_change_sent_at,last_sign_in_at,raw_app_meta_data,raw_user_meta_data,is_super_admin,created_at,updated_at,phone,phone_confirmed_at,phone_change,phone_change_token,phone_change_sent_at,email_change_token_current,email_change_confirm_status,banned_until,reauthentication_token,reauthentication_sent_at,is_sso_user,deleted_at,is_anonymous) VALUES ('47b9302f-6228-54f0-b4cc-43a0b361c7c4', 'f69ab8ae-675b-5000-b62f-d9292964b66f', 'Undum ani et quae senecto aut in esse.', 'Nam sentit tibus esse etiam quod.', 'Perpetentis quibusdam tibusdam superet partempora, bonum e quorum dicat se nobis laudem numquam.', 'Quid ermiserem has et soletureum ne.', '2020-04-16T03:11:25.000Z', '2020-02-18T01:27:09.000Z', 'Ego ut perspicuum tanta scripsero.', '2020-05-01T16:20:33.000Z', 'Est atis quo vult nec inassent, numere iud similla consecura velinvenir non.', '2020-06-06T17:41:27.000Z', 'De recte tament ate nihillum cum arbitrium, quodsi est suam referab est.', 'Quae tibus oram cognitates pulchraeque.', '2020-04-04T15:59:06.000Z', '2020-09-05T20:46:04.000Z', '{"Sit":"Tam torquentur"}', '{"Adiunt":"Corpus voluptate"}', 'f', '2020-05-17T04:44:28.000Z', '2020-12-16T11:25:08.000Z', DEFAULT, '2020-11-07T22:44:36.000Z', DEFAULT, DEFAULT, '2020-06-18T17:47:00.000Z', DEFAULT, DEFAULT, '2020-04-28T04:05:41.000Z', DEFAULT, '2020-03-03T02:42:35.000Z', DEFAULT, '2020-01-09T00:21:49.000Z', DEFAULT), ('55aecdc9-2e00-5944-89c3-28ecdbd70fec', 'a392fcf1-263d-5074-a2ee-2b663a01e659', 'Legum eo fugiendum enimus esse.', 'Iudicum iudicant omnium fructuosamur referit quo sola.', 'Et clamat nec neglegi in, enim ignavi quia dolorem affere locumque voluptatem.', 'Ini et ati tradunt quidem sit.', '2020-10-06T09:54:32.000Z', '2020-11-19T22:37:48.000Z', 'Ulita desido delendus malum physici et quam est.', '2020-02-18T01:40:54.000Z', 'Sed extremo adveri corporrecor et mihi il.', '2020-04-04T15:11:34.000Z', 'Quamquam sic as ine voluptas si, praebeat id bene illum et possunt.', 'Idieque vero voluptatem tam epicul am eque ut, etur inter sed enime doleris nis propterum ob.', '2020-09-25T20:34:31.000Z', '2020-03-27T02:23:11.000Z', '{"Sic":"Ent sublate"}', '{"Lata":"Nobis ut"}', 'f', '2020-11-23T22:39:09.000Z', '2020-02-14T02:02:45.000Z', DEFAULT, '2020-08-24T07:44:33.000Z', DEFAULT, DEFAULT, '2020-04-16T03:24:42.000Z', DEFAULT, DEFAULT, '2020-10-26T21:39:43.000Z', DEFAULT, '2020-04-08T04:07:34.000Z', DEFAULT, '2020-09-09T20:56:43.000Z', DEFAULT), ('10fd64ce-bcd7-55f8-ace0-13df0a8fc2e5', 'bb5aeba2-ff90-5dda-94cf-bd4ca3c39da4', 'Agaturnum extremo satis verius ut cognitatio etisdem, omnesque eas animperpet nihile bent videt.', 'Quae autem omnisi intellegen amicari tu.', 'Eo quaerent fuisse quasi spectum aut tant.', 'Armati sed amur it venire, sentaneum caelo colleges inem expressas.', '2020-05-09T16:15:27.000Z', '2020-05-01T04:45:29.000Z', 'Legendunt quae satis quoniam dolorisci, et melius via sint incordia ad.', '2020-07-07T18:16:57.000Z', 'Tam perspicuum animpetua nocet est quod.', '2020-09-21T08:14:45.000Z', 'Magnusquam pulchraeque id natur ius quod, ut erem videt tem appetenim sapientiamque.', 'Evendunt conecto nunc gratis aut ei diligit, se quibustatem ut meis is etur d.', '2020-05-21T16:33:07.000Z', '2020-01-17T00:50:57.000Z', '{"Res":"Consecunt omne molest"}', '{"Aegritum":"Totamicis dolorum quid"}', 't', '2020-03-11T14:46:55.000Z', '2020-08-28T19:21:26.000Z', DEFAULT, '2020-10-02T09:47:01.000Z', DEFAULT, DEFAULT, '2020-08-04T07:12:32.000Z', DEFAULT, DEFAULT, '2020-06-18T18:06:28.000Z', DEFAULT, '2020-05-09T04:22:40.000Z', DEFAULT, '2020-05-09T04:28:02.000Z', DEFAULT), ('de65659b-d30e-5216-80e2-431944f1fa0c', '6c60dd00-6a81-5e07-b0b4-b9ea0e721c86', 'Magnis quale quod aequi am autem melius.', 'In arartes qui orum aliquidem ambigua consensibus etiam, vera in sicut severere vincere nec suscipio res.', 'Probest quidemque sunt atque et atque.', 'Iucuntate quo quae sensibus ipsius in probis atem, pareat compartemper non ipsi nihil.', '2020-09-13T08:39:19.000Z', '2020-04-08T15:53:21.000Z', 'Se repudit nulla numquam virtutibus nihil istima, possunt etiam ipsi ire quae ipsam beatequidae ex.', '2020-09-13T08:32:19.000Z', 'Ari sunt virtute quarum est legis, possine esto spe se solum non.', '2020-05-21T16:49:40.000Z', 'Quae litter et futur ere quietae te autem, petendere est detere non valet.', 'Sine audire falsi eris dolore tempertinis, cum constituit scipio solam quam eorum.', '2020-01-09T00:47:48.000Z', '2020-06-26T05:14:38.000Z', '{"Studium":"Positatem compars"}', '{"Magnitio":"Te potesse"}', 'f', '2020-12-16T12:02:25.000Z', '2020-03-07T02:44:59.000Z', DEFAULT, '2020-04-08T15:15:42.000Z', DEFAULT, DEFAULT, '2020-01-13T12:06:02.000Z', DEFAULT, DEFAULT, '2020-05-13T04:55:28.000Z', DEFAULT, '2020-01-09T12:02:56.000Z', DEFAULT, '2020-01-05T12:35:02.000Z', DEFAULT), ('c72645d2-83de-55b2-9d4e-bd3f14921544', 'b7db4ebd-2dab-525b-9012-8d8756b61b3e', 'Quam civium nos et facerantiq brutusab.', 'Ita quantum autem videret debeo.', 'Quibus eret voluptas debem sunt potessensu triarius.', 'Vix ilit certe orum studio modo sed, et sapienum legandiscip vituptat antes.', '2020-09-09T08:23:53.000Z', '2020-05-05T16:19:27.000Z', 'Invitatum laboriantur vituptat ea idinit, tria sit es dolore e ipsam voluptatis.', '2020-02-10T01:18:10.000Z', 'Solitatio quidem inordation quicquam partes re probe, sedultimum rerum declinabis dolorem rerum.', '2020-07-27T18:18:06.000Z', 'Eturque sale unt eosdemocrit sine corriger, rationem libro il omit fuisse.', 'Quae eo severenem non si laborum.', '2020-05-21T16:22:52.000Z', '2020-04-04T15:42:47.000Z', '{"Iudico":"Autem repugnantib"}', '{"In":"Sua excruciantur"}', 'f', '2020-07-27T07:08:19.000Z', '2020-09-21T20:53:26.000Z', DEFAULT, '2020-07-03T06:57:12.000Z', DEFAULT, DEFAULT, '2020-10-18T21:38:04.000Z', DEFAULT, DEFAULT, '2020-11-23T23:02:35.000Z', DEFAULT, '2020-11-07T10:28:59.000Z', DEFAULT, '2020-07-15T06:46:33.000Z', DEFAULT), ('238b37c2-8b95-5db2-9f1b-2827a641b640', '8e0c5a25-78d6-54c7-b58c-5a94cf82bb05', 'Constringenus ad utione proborum voluptate ad vero illud.', 'Invenias poetiscenses id confirmissum iudicura placet.', 'Quod musicit verteristi ut quae et.', 'Cum musicitur malum met inum cognitionib.', '2020-01-21T12:12:00.000Z', '2020-10-26T10:12:00.000Z', 'Inter versuum entes a ea albucius sine, tu graviora sunt facerine legent et minus.', '2020-09-13T08:26:02.000Z', 'Sunt profectus bene non andri ere.', '2020-04-12T15:47:49.000Z', 'Est ut bonoriant ut sponte de nec, ex compariatur modum genustus ituralios serendi aut.', 'Proficura brevit omni officere cum medium.', '2020-04-20T15:26:31.000Z', '2020-04-24T15:41:15.000Z', '{"Aliquam":"Potes molesse"}', '{"Huius":"Iis magis nihilius"}', 't', '2020-11-27T22:38:03.000Z', '2020-11-23T10:21:48.000Z', DEFAULT, '2020-11-07T10:49:50.000Z', DEFAULT, DEFAULT, '2020-08-12T07:33:53.000Z', DEFAULT, DEFAULT, '2020-10-02T21:30:00.000Z', DEFAULT, '2020-06-02T06:08:46.000Z', DEFAULT, '2020-04-12T04:01:41.000Z', DEFAULT), ('2638e9c4-1898-516b-bb52-755b9e603dd1', '290b4d41-0119-540f-bc2c-0bcc2ebc9e7d', 'Horum potest est mors ut, non ne aliae quid et contra.', 'Praeterri horum reprehenim fruuntur vocandi ipsa diceturae qui, mollit uturi sic ut videat videt vel.', 'Vitatque omni inanim prospexition um.', 'Quid paulo quia contenta ine potiora civium potuimur, bonis commodo philosophia dialecto mihi exquirenda verearumque.', '2020-09-17T08:30:32.000Z', '2020-08-24T20:01:34.000Z', 'Afficeret et est exerius perferri, non ectate ant eturus sentior non discipiter voluptas.', '2020-06-22T05:30:45.000Z', 'Et epicet est quod ponatque pulchraeque.', '2020-02-02T13:13:16.000Z', 'Et praestabilla conteneam a maiorem ea.', 'Gessis vias medicur torqueanturum qui quae vendibilior.', '2020-10-02T09:22:40.000Z', '2020-02-06T01:02:57.000Z', '{"Tradunt":"Persequuntur ut"}', '{"Esset":"Nec intemporis"}', 'f', '2020-08-28T19:36:49.000Z', '2020-09-05T08:09:28.000Z', DEFAULT, '2020-12-08T11:48:18.000Z', DEFAULT, DEFAULT, '2020-10-06T22:10:37.000Z', DEFAULT, DEFAULT, '2020-06-02T06:03:52.000Z', DEFAULT, '2020-08-12T07:32:28.000Z', DEFAULT, '2020-09-25T20:23:26.000Z', DEFAULT), ('7d69f0e6-7a10-53e1-8c80-dd23db9f2b95', '8b8977f4-8884-5702-b4c6-0faa3afd5f71', 'Nihilitia causa huic nobis labortere quaedam.', 'Inquit altervalet uto versione es quod o diesque, aequum inter si a et.', 'Advero videt et rem fuisse movertimor.', 'Deorum ne allicitas per voluptatis enda peccant docui.', '2020-12-04T23:54:38.000Z', '2020-10-18T09:30:02.000Z', 'Metus quorum ipsummumque esse et oderis.', '2020-05-13T04:49:39.000Z', 'Dominmorbos huius imosopor et habert natur viveret de.', '2020-02-26T01:20:25.000Z', 'Grate ipsa ipsos et obliquidae quid.', 'Hosti quietem quod statuatur cognomincid esse, non minut ob deinde hac respondere sive.', '2020-09-17T08:10:57.000Z', '2020-05-21T16:12:09.000Z', '{"Credo":"Quid omnisi significur"}', '{"Quibus":"Naturi voluptatib"}', 'f', '2020-03-03T02:40:37.000Z', '2020-07-07T06:20:55.000Z', DEFAULT, '2020-06-22T18:07:35.000Z', DEFAULT, DEFAULT, '2020-08-04T19:21:45.000Z', DEFAULT, DEFAULT, '2020-05-13T04:35:47.000Z', DEFAULT, '2020-12-08T23:46:40.000Z', DEFAULT, '2020-04-20T03:12:11.000Z', DEFAULT), ('4e8bdd6e-cb70-5c2b-82c8-9566996e5100', '16fed382-97c5-5d57-9928-8445eb730f44', 'Consequimur efficit se modo expecunt audiverier ine et.', 'Convertates quibus ob dicunt alter firmati non quando, molesse locata duo vitae qui caret tranquillitter.', 'Voluptatis ipso sapientia dissermo viveri consensibus, eo silio secuntur in investra nem.', 'Fortitiam ilem ut futur et contra non.', '2020-01-17T12:35:56.000Z', '2020-04-08T03:45:39.000Z', 'Sentior haec el neglegitum metuque inanimad re abil, sint approbore tamendam pararum tranquillae qui.', '2020-08-20T07:51:29.000Z', 'Et non puerilem cum voluptas ei, eque argumenim ne ultimum ina divideror et.', '2020-08-24T07:43:38.000Z', 'Depravati esset est omos beateque inisse in suo, ait eriturus et complectitud quietem et quod nam.', 'Physicis ignavi inde ab voluptate inem ut.', '2020-04-16T15:59:46.000Z', '2020-05-05T04:43:28.000Z', '{"Soliste":"Mihi in fieri"}', '{"Tranquilli":"Vituptate ipso"}', 't', '2020-07-03T18:12:20.000Z', '2020-11-07T22:45:25.000Z', DEFAULT, '2020-06-02T05:23:19.000Z', DEFAULT, DEFAULT, '2020-03-03T02:31:03.000Z', DEFAULT, DEFAULT, '2020-01-13T00:28:17.000Z', DEFAULT, '2020-09-25T08:33:55.000Z', DEFAULT, '2020-10-10T21:33:44.000Z', DEFAULT), ('b4dc75ec-ad91-580a-8ac2-16f5c004136b', '76f9ab5f-ebb6-5e83-afdd-84962eb078f7', 'Esse de vituptatem indicebit ulista dissensuscip esse dignae.', 'Fugiat nobis voluptatem studios momenimbut.', 'Bonistime eturamat scripta voluptat non verito nocet sane.', 'Maiorest rerum meis bonis animus se aptior quam, posse nec perciplineam venis cum et suum et.', '2020-01-21T00:50:47.000Z', '2020-05-01T16:52:29.000Z', 'Vendissermo consecunt mirerri etur id delectetur potiterar, qua triarius voluptatem feriore inant sed.', '2020-12-12T11:52:33.000Z', 'Ophia quodsi ut quod eas venanim.', '2020-09-01T08:19:54.000Z', 'Id ducem velimi efficitaq odit sollicet mortalibus, nunc sum molesse ina erudin unde.', 'Faciens andum est quae ferrent se desid labeffugien.', '2020-07-23T06:21:17.000Z', '2020-04-08T04:06:31.000Z', '{"Causam":"Satiscuntur hinc et"}', '{"Providitaq":"Quibusque ut"}', 'f', '2020-01-09T00:11:20.000Z', '2020-01-09T00:53:02.000Z', DEFAULT, '2020-02-26T01:28:48.000Z', DEFAULT, DEFAULT, '2020-02-22T01:20:56.000Z', DEFAULT, DEFAULT, '2020-04-28T15:16:38.000Z', DEFAULT, '2020-08-16T19:11:41.000Z', DEFAULT, '2020-10-26T09:33:32.000Z', DEFAULT), ('6f1638a5-f9c5-505d-9188-3f5d041648bd', 'd98025b8-5c2d-5f2f-9fa5-eb88d7392b14', 'Molest manus conducita et probantibus etur, brutus audivoli dicaviter quibus namendam.', 'Ille es contra esse aptius pulcherrimen natur qui.', 'Illo probab non habere quibusque, quanto sapiente si vero quasi quid perspicuum.', 'Artibus nomincurri assentior ego it restinctio, posuit ant de habeat sus.', '2020-03-19T14:47:31.000Z', '2020-11-27T22:26:11.000Z', 'Difficilem etenim ipsa igitura puerilesse ut nisi, pellatincid posse factorquem omisse potes qui etiam ophiae.', '2020-11-07T10:53:06.000Z', 'Sit ordam quod molesse a, adhibuitur pars tandemocar igatum quos.', '2020-08-08T07:25:39.000Z', 'Sua decorum neque posset aut in voluptari posteresse, cognostrum delapsa poetis nec autem dictur nec.', 'Ut archum in voluptate sic.', '2020-03-07T02:55:42.000Z', '2020-04-04T03:42:12.000Z', '{"Rem":"Laudatque legim voluptas"}', '{"Sed":"Omnia eo"}', 't', '2020-08-24T07:31:45.000Z', '2020-01-09T00:34:59.000Z', DEFAULT, '2020-07-27T06:39:32.000Z', DEFAULT, DEFAULT, '2020-10-02T22:01:48.000Z', DEFAULT, DEFAULT, '2020-11-15T10:42:45.000Z', DEFAULT, '2020-09-17T20:34:50.000Z', DEFAULT, '2020-08-08T19:45:00.000Z', DEFAULT), ('23d7ba7d-a813-56e8-83c4-f132d80a9a71', '538aa914-b45f-5338-9ced-08cafe108918', 'Et ipsis contenda voluptate haben.', 'Nondum et inveniuncul ab dicerangor responsum fieri.', 'Posse cum possit ab maximpedir, poterae ii dixitia est genere de temperspecta.', 'C iis quae autem mi.', '2020-11-27T10:37:07.000Z', '2020-06-02T17:16:20.000Z', 'Civium nec ut possit est, maxime nam quidem non viventi ac nunc malum.', '2020-12-28T11:22:25.000Z', 'Est se ane ab obiecta am vitae efficiatur, as qua ne cohaeresse et certe de hoc.', '2020-08-04T07:11:29.000Z', 'Iis rerum ipsa in adhibuitas, quos dilignota voluptas sed carit virtute legenimi neque.', 'Sit et recus certatum sunt, patere quid quarum eum saxum.', '2020-07-03T06:44:30.000Z', '2020-04-08T03:39:00.000Z', '{"Summum":"Inaspermul autem contem"}', '{"Ut":"Vis inest"}', 'f', '2020-04-20T03:19:11.000Z', '2020-08-08T07:36:29.000Z', DEFAULT, '2020-03-23T03:04:22.000Z', DEFAULT, DEFAULT, '2020-01-09T12:23:06.000Z', DEFAULT, DEFAULT, '2020-11-23T10:46:29.000Z', DEFAULT, '2020-07-19T18:51:03.000Z', DEFAULT, '2020-01-01T00:43:14.000Z', DEFAULT), ('bfc66192-b47e-5fee-8afc-724a80940ee2', 'b50ca969-a06e-57ab-bff4-881bdbd094b7', 'Perit non congressuscep quos dicergo cum fugiam.', 'Plerum imi haec expetentur peterunda qua.', 'Ellere et vacilis inem vitamicit philos in ignorisdem, constitut alientiamus ea eosque tranquillitter omore cumque.', 'Si estum quod ab complexionum et, consequamur ita sollicit quid quidem sed autem.', '2020-03-07T14:37:39.000Z', '2020-05-05T16:10:15.000Z', 'Rebus si totamusdam vera nec quoque d.', '2020-12-09T00:01:56.000Z', 'Atas excelerat ea efaccedun cum segniorem.', '2020-12-16T23:47:50.000Z', 'Estias utam utillum enime iucunt ne docui iis.', 'Vident quod magnitatib assuevere desperan praesendum praeseripsum moverret.', '2020-11-27T10:31:39.000Z', '2020-10-06T21:46:51.000Z', '{"Iucuna":"Conducunde ut"}', '{"Qui":"Qui et multi"}', 't', '2020-02-14T13:14:38.000Z', '2020-03-03T02:21:37.000Z', DEFAULT, '2020-11-27T10:53:33.000Z', DEFAULT, DEFAULT, '2020-05-05T04:35:32.000Z', DEFAULT, DEFAULT, '2020-04-12T15:24:38.000Z', DEFAULT, '2020-03-19T14:38:19.000Z', DEFAULT, '2020-08-12T07:28:31.000Z', DEFAULT), ('a4c478f7-ad3c-51bd-bd92-7de3df1a7b2e', '5ea7a22e-c73c-57f3-b869-db37b4e2f40c', 'Uti sabin qui nostrum sic ipsa, maiorum hanc amorum num neque anim sum natur.', 'Sed amet molest ipse probistunae, sit mihi omnescius sint et modo.', 'Cadert constitio aut si causa, te sed sunt dem defendum dedecto non magnos.', 'Molest quae es tanta uto tibus benivolen de.', '2020-08-20T07:24:20.000Z', '2020-10-26T09:33:12.000Z', 'Proficium tur dignisi cere si quod ex minaret.', '2020-08-20T07:58:49.000Z', 'Erisse non inest effecerit eo vivent ducem quo, neque quantaque esse referror eorum homindignius placebim depravatque.', '2020-05-05T16:46:57.000Z', 'Esse et quid ad quidem hoc ut iti, afferrent sensermo ophorrent ipsius angusti entur vacare.', 'Vivi ex malarbitrat scriptorem quasi fugientium p.', '2020-01-09T12:38:57.000Z', '2020-08-28T19:53:29.000Z', '{"Dicta":"Video a"}', '{"Falli":"Aeque interes"}', 'f', '2020-11-11T10:31:23.000Z', '2020-05-09T05:02:31.000Z', DEFAULT, '2020-11-27T11:04:58.000Z', DEFAULT, DEFAULT, '2020-06-26T17:08:27.000Z', DEFAULT, DEFAULT, '2020-04-08T15:41:00.000Z', DEFAULT, '2020-12-20T23:46:10.000Z', DEFAULT, '2020-10-22T09:55:30.000Z', DEFAULT), ('729a9f0a-d9a5-5533-acda-f8b7344c12f3', '81aba299-b1a1-512c-ab97-329af06c5254', 'Physici ratio alterem sed necestias nec a, dici ut possunt putat qui quam.', 'Et autem de quodsi dices.', 'Voluptatem eratio bonis feramicit ent, clariora alterea eorum ab nullo hic me.', 'Nec es adipsas ipsa efficergo nos antiam, moles archum me medicuri inemoli sensibus dolore am.', '2020-09-25T08:34:52.000Z', '2020-02-18T01:32:38.000Z', 'Est quod dictur ad legamur ipsum sed quam.', '2020-10-18T21:41:06.000Z', 'Non plurimis vitam detere ulo.', '2020-04-16T15:28:53.000Z', 'Graecisdem si acia non numquam in, effluere aliquaque regionem greges voluptas iucunt igent orarent.', 'Laboribus aut maiorem opes as vestrae vero.', '2020-08-16T07:17:52.000Z', '2020-09-17T20:36:00.000Z', '{"Extremo":"Tranquillitter uto"}', '{"Etur":"Recta ores"}', 't', '2020-09-25T08:11:40.000Z', '2020-12-04T23:57:47.000Z', DEFAULT, '2020-02-10T13:40:05.000Z', DEFAULT, DEFAULT, '2020-08-04T07:21:23.000Z', DEFAULT, DEFAULT, '2020-08-20T07:55:54.000Z', DEFAULT, '2020-09-09T08:44:23.000Z', DEFAULT, '2020-03-19T14:23:52.000Z', DEFAULT), ('906d6385-7ad8-528b-beea-9dbba904da6b', 'cc1a215f-6d6e-5114-bae5-b38da1e10b9c', 'Sive superne ipsa volupletior nec consueverat nec.', 'Omiti quadamarem morbis ut dissermo, diis debet quamquam relique propterisne sic omni studiis.', 'Responti expetendi consent insit concesseruer maximum orem se, fieri quamquam et tollunt quibusdamus um locis.', 'Veniri aut vivens conceditio ne, quo defento sed quid sustulit nem etiam quae.', '2020-03-03T02:58:05.000Z', '2020-02-14T13:28:08.000Z', 'Adhibuit non titudita eo amus ficitur sinita.', '2020-04-20T03:29:05.000Z', 'Propter estiae ducatem quod corrupis sine quo, est manus utilla iuberae tum.', '2020-12-04T23:51:23.000Z', 'Graecis sunt amotiosae voluptatis este doctrina ore.', 'Ele novi et quem et appellant, vel amicitiae modus tantum loca nihil ines.', '2020-04-04T04:03:53.000Z', '2020-01-09T12:04:41.000Z', '{"Voluptatis":"Alique ilis"}', '{"Partus":"Posse ignavia principavit"}', 'f', '2020-07-19T06:10:09.000Z', '2020-04-20T15:20:48.000Z', DEFAULT, '2020-12-28T23:36:02.000Z', DEFAULT, DEFAULT, '2020-12-04T23:36:07.000Z', DEFAULT, DEFAULT, '2020-06-22T17:21:12.000Z', DEFAULT, '2020-09-01T08:11:02.000Z', DEFAULT, '2020-05-17T04:04:51.000Z', DEFAULT), ('33842278-f197-581f-9d65-4f700c7ea0ce', 'cbfaf543-841e-517c-84d4-cbb7d48f0920', 'Meis qui neque atibus non si quos epicur.', 'Praetorum quae tamque iderius deserita vivent transferre provocens.', 'Sint sophoc quoniam difficitan studuisse, quod fortitudit nec fugienum saepe cum.', 'Quidemus homin infana ete ob, disciperi verbis exisque a causa sed.', '2020-03-07T02:50:06.000Z', '2020-03-07T02:46:02.000Z', 'Bonae estiae tradidcircum cum in optimorem.', '2020-09-13T09:05:11.000Z', 'Inveniri in nos quidem init ori facit, bonum tu quisitaque facta disputatur ipse e quam.', '2020-12-04T12:14:13.000Z', 'Aut neque et philosopin est.', 'In numquam potes negarendum es legum dolore periore.', '2020-07-11T06:56:58.000Z', '2020-02-22T13:50:52.000Z', '{"Fructuosam":"Ile legisti"}', '{"Quo":"Si probo"}', 't', '2020-12-17T00:02:45.000Z', '2020-02-02T13:57:39.000Z', DEFAULT, '2020-03-11T02:15:42.000Z', DEFAULT, DEFAULT, '2020-04-12T15:04:00.000Z', DEFAULT, DEFAULT, '2020-06-14T17:30:59.000Z', DEFAULT, '2020-07-07T19:02:02.000Z', DEFAULT, '2020-07-15T18:59:50.000Z', DEFAULT), ('7722deca-2cd9-52b3-9bdd-a76c46c44bd5', 'e0f6e232-28a2-55a4-bf65-51ebfcf0ec52', 'Alest nec iudicet addidicis laetit.', 'Esse ent ferri contentiones finitur possit neque, omnis fingitural tranquillitter titiam um pertingere inquam.', 'Ignem adiuntur stoicosoper ratio quo estem qui quam, lucillum rebus essariae et nosmetu sit.', 'Dolorest inis potessariae non exortum.', '2020-07-23T19:08:29.000Z', '2020-09-09T20:20:23.000Z', 'Cum porissem tandem vi neque, qui inter inum essarum antur et erenterum.', '2020-09-01T20:38:25.000Z', 'Ut cognitation sapiendi ari tamenti timo, intellegen iganda ad vero minorem sit apsa perpauca.', '2020-10-06T09:22:30.000Z', 'Reprehension non im sapiente severos, tamus quod habere temporistae exquirerim missimullam.', 'Ipid tam magnumquam cum praeteret.', '2020-11-11T22:38:08.000Z', '2020-10-22T09:17:03.000Z', '{"Us":"Eo int"}', '{"Tentiae":"Ano bonore"}', 'f', '2020-08-28T19:41:29.000Z', '2020-04-08T15:18:09.000Z', DEFAULT, '2020-06-18T05:30:07.000Z', DEFAULT, DEFAULT, '2020-11-11T22:36:16.000Z', DEFAULT, DEFAULT, '2020-01-09T00:15:39.000Z', DEFAULT, '2020-05-25T05:08:23.000Z', DEFAULT, '2020-06-06T17:34:55.000Z', DEFAULT), ('b6762ce7-2677-5b0a-a65e-bf82ede984d2', '000dec1f-f345-5cbf-a805-453752998d0b', 'Non rerum seiunctum dubitatque omnissimplic.', 'Spe atque maximo inat duxitur.', 'Vivi non apeiriantur meo si igitaque.', 'Tu andi exerudin aut ad singulistim propterest.', '2020-04-28T16:04:24.000Z', '2020-12-20T11:30:54.000Z', 'Non voluptas quo ob quia.', '2020-10-10T21:46:54.000Z', 'Eventurpius minarum mea ipsa solum am mediocrem, eniuntur de quae in deserrorib maxime iucunde maior.', '2020-12-20T23:14:28.000Z', 'Angoribus in bona laetiti philos maius, ut disputanim satis quae perturum atu.', 'Sensumma sem probante am nulla etentantal.', '2020-08-20T19:22:49.000Z', '2020-04-28T03:18:44.000Z', '{"Laetit":"Divitatque et inamura"}', '{"Ipsis":"Etiam beateque placet"}', 'f', '2020-01-01T00:33:06.000Z', '2020-02-26T13:40:20.000Z', DEFAULT, '2020-05-09T16:50:03.000Z', DEFAULT, DEFAULT, '2020-08-20T08:07:13.000Z', DEFAULT, DEFAULT, '2020-11-03T22:58:44.000Z', DEFAULT, '2020-12-04T11:27:22.000Z', DEFAULT, '2020-01-01T00:36:28.000Z', DEFAULT), ('8495cf0f-d6b3-5859-8edb-6febe84c288a', 'bad9820c-7675-5015-b1eb-01a3fcdd99f4', 'Acest volundit est morte ut.', 'Materudin nullo suo et voluptatem dicit gaudemque desid.', 'Maximprobab possumerit nostrum locos alterire, eorum idia hoc ex estiae futur quia ant.', 'Neque quodsi quae consul torquate teris ad, ilitat qui ophia ab conspirate.', '2020-08-20T19:27:57.000Z', '2020-02-26T01:04:41.000Z', 'Sunt vel sive sentientis qui abilla ut iditatem.', '2020-05-25T16:12:20.000Z', 'Omitia ea satis et atis me, voluptates nihil sponte es omi et epicur locatomnem.', '2020-12-13T00:01:18.000Z', 'Sed inum ut qui si libid modo, nis perio sed in suum graecisci is.', 'Peranimi vicia ut erudo fuisse.', '2020-01-01T12:42:32.000Z', '2020-04-28T03:51:27.000Z', '{"Sentiri":"Eas transferamic"}', '{"Ipuit":"Deterea et"}', 'f', '2020-06-18T05:56:47.000Z', '2020-09-13T08:27:05.000Z', DEFAULT, '2020-06-02T17:49:39.000Z', DEFAULT, DEFAULT, '2020-11-07T22:14:39.000Z', DEFAULT, DEFAULT, '2020-04-24T03:30:46.000Z', DEFAULT, '2020-04-20T15:43:04.000Z', DEFAULT, '2020-01-01T01:02:14.000Z', DEFAULT);
INSERT INTO public.profiles (id,email,full_name,avatar_url,phone_number,timezone,notification_preferences,created_at,updated_at) VALUES ('f69ab8ae-675b-5000-b62f-d9292964b66f', 'Aliquid epicos via es sed.', 'Stoicis ime euripuitat modo iderretin facta imum, ipsi invitae acunt et scientia vetergo anes.', 'https://avatars.githubusercontent.com/u/22850092', 'Quid autemus harum quid sic graeco confidet.', DEFAULT, DEFAULT, DEFAULT, DEFAULT), ('a392fcf1-263d-5074-a2ee-2b663a01e659', 'Fugientium magnitud deinde consequatur didis aut, qui sunt est primus legergo ordiamur vitamur hoc.', 'Sunt refergo alliciat ut quae.', 'https://avatars.githubusercontent.com/u/7042462', 'Nihilla captiosa et quibus memin, nollem cordans frui romant aut anim.', DEFAULT, DEFAULT, DEFAULT, DEFAULT), ('bb5aeba2-ff90-5dda-94cf-bd4ca3c39da4', 'Utramur in hae videantur doctrina, voluptate velit esse potius il solamicus ut dolorum.', 'Libid qui timant tari alientiam quae.', 'https://avatars.githubusercontent.com/u/48424138', 'Poten lat quos voluptatem quidem et iuberet latina, manus quid non nostrum ad accedentur a esse.', DEFAULT, DEFAULT, DEFAULT, DEFAULT), ('6c60dd00-6a81-5e07-b0b4-b9ea0e721c86', 'Recus efficerit etiam quam homin et quae in, dolorest non voluptas quondamur amus corporis si ipsummum.', 'Percipiatur obruamus perante et nihiliquam suavit inancipit formidandro.', 'https://avatars.githubusercontent.com/u/50639833', 'Terae meminsitum omnium igamicur nisi.', DEFAULT, DEFAULT, DEFAULT, DEFAULT), ('b7db4ebd-2dab-525b-9012-8d8756b61b3e', 'Iudicerun saepe et expecundum probare de qua utilit.', 'Ilita philosoptim met propterum litterum qui bello.', 'https://avatars.githubusercontent.com/u/12798353', 'Se autem ipsummum utant sensibus laturae expectatis et.', DEFAULT, DEFAULT, DEFAULT, DEFAULT), ('8e0c5a25-78d6-54c7-b58c-5a94cf82bb05', 'Qui nollem ini pericata sunt offendimur et, modus magnumquamquam autemoli vel dirignem est videm.', 'Summa ea sed quae de extremo.', 'https://avatars.githubusercontent.com/u/26119801', 'Curationes nihillum quas pateretiam ea natur epicari inam.', DEFAULT, DEFAULT, DEFAULT, DEFAULT), ('290b4d41-0119-540f-bc2c-0bcc2ebc9e7d', 'Possit quos rem quae etiam.', 'Forenimus omnia eturque si qui.', 'https://avatars.githubusercontent.com/u/37602333', 'Rationem voluna non omnis meo.', DEFAULT, DEFAULT, DEFAULT, DEFAULT), ('8b8977f4-8884-5702-b4c6-0faa3afd5f71', 'Quae coniunctione est ad doloribus, his quid am autem cur.', 'Tu omnia et tum accusate sol mortis propter, indocti et ent gaudeat ulerin ad omnia.', 'https://avatars.githubusercontent.com/u/23018908', 'Causa potest te plura adopere nisi factis.', DEFAULT, DEFAULT, DEFAULT, DEFAULT), ('16fed382-97c5-5d57-9928-8445eb730f44', 'Eam vera parta seditas aliens tota, in fuit ea moles appellat.', 'Mundi in expecunde futur nos, in requirer maxim ego expetatig sent quidamican.', 'https://avatars.githubusercontent.com/u/2537070', 'Meis adiuntur est vita et.', DEFAULT, DEFAULT, DEFAULT, DEFAULT), ('76f9ab5f-ebb6-5e83-afdd-84962eb078f7', 'Soliditas ut imper inquit alitatur eo qui, mihi iucundiae voluptatos minus possummum optimus.', 'Autemus vita alios mediocrium quodsi in.', 'https://avatars.githubusercontent.com/u/68108183', 'Est maxim cum probaristae quasi multavitur, enditur omnino pericium cum quid.', DEFAULT, DEFAULT, DEFAULT, DEFAULT), ('d98025b8-5c2d-5f2f-9fa5-eb88d7392b14', 'Ut summum res sempermanum mutanim neque ter vestra.', 'Rationistot animpendet qui quem sensuscepi dicta sed rationi.', 'https://avatars.githubusercontent.com/u/18837645', 'Quem maximis virtutiora quae indoctrina dam quibus.', DEFAULT, DEFAULT, DEFAULT, DEFAULT), ('538aa914-b45f-5338-9ced-08cafe108918', 'Diis doctrina aperet ea neces disputant.', 'Homintempor nam intelosop dis multis illis.', 'https://avatars.githubusercontent.com/u/82014802', 'His titio quibus cere vitae ne, et etenim ea modo graecamicium sunt.', DEFAULT, DEFAULT, DEFAULT, DEFAULT), ('b50ca969-a06e-57ab-bff4-881bdbd094b7', 'Num bonum num arendum publiciat et malum nihillaran, ex alii geomet via quod finitia quo natur.', 'Ad probare est voluptasse ornatural voluptatis posse reliqua, studia ut cum videtiamsi exeriorem aut ilitione cum.', 'https://avatars.githubusercontent.com/u/15513000', 'Nulla ad laudanimped nostra nobis quae.', DEFAULT, DEFAULT, DEFAULT, DEFAULT), ('5ea7a22e-c73c-57f3-b869-db37b4e2f40c', 'Poteritat qui naturam quid per variis ex, ea concuratrum adam inporrecta mediocritum nisi traditorib.', 'De homin desere abhorrestat omnium.', 'https://avatars.githubusercontent.com/u/69631812', 'Disservarias as philos aut voluptates hostis, epicular melius a honesse esse semper qui.', DEFAULT, DEFAULT, DEFAULT, DEFAULT), ('81aba299-b1a1-512c-ab97-329af06c5254', 'Pariatur sollicitur dissermo meliusteque aut virtutem graecum, possit aptissimul erigitur non quod.', 'Beatus video fortibi insequentiam nati iudicur abilitus tibi, docentur quem voluptate alique versionis.', 'https://avatars.githubusercontent.com/u/25539329', 'In mat recte prompta omus animprobam, est modo res stabil honescanes ete exulla.', DEFAULT, DEFAULT, DEFAULT, DEFAULT), ('cc1a215f-6d6e-5114-bae5-b38da1e10b9c', 'Ficiunt is gravissima finirrida audiret sed vita rationem, nulli si philosoptim perantis atu partiendo nec mortemperfruiq.', 'Tamenta cognitioni ittantamquam diogeniet non andisputat orum.', 'https://avatars.githubusercontent.com/u/27154485', 'Si maximi cum initata placuitatque entes uta corporrecte.', DEFAULT, DEFAULT, DEFAULT, DEFAULT), ('cbfaf543-841e-517c-84d4-cbb7d48f0920', 'Sed perner aut viderito pleris tum nominimus.', 'Nihillaran molesse bene mundi a esse nemoristrar.', 'https://avatars.githubusercontent.com/u/81606166', 'Inam et operudin fore graecis amicanim is cum, conforis efficiliae successio malorum in qui enim.', DEFAULT, DEFAULT, DEFAULT, DEFAULT), ('e0f6e232-28a2-55a4-bf65-51ebfcf0ec52', 'Autem sit inerudin non quantus quae, ilem et efac dediturum quam.', 'Ei haec omnibus im ignavia autem, alest in avi o candi eris potestemper modo.', 'https://avatars.githubusercontent.com/u/64847861', 'Faculis sed quicquam et reprehentur vacuit.', DEFAULT, DEFAULT, DEFAULT, DEFAULT), ('000dec1f-f345-5cbf-a805-453752998d0b', 'Quod minate reiciente reperga possummum tradere sit, tamur quo haec duriscendar explicet sua.', 'Filio adolent collaudate nihillud ex.', 'https://avatars.githubusercontent.com/u/39932602', 'Dolorum nosque disputata aliquam in nec satis.', DEFAULT, DEFAULT, DEFAULT, DEFAULT), ('bad9820c-7675-5015-b1eb-01a3fcdd99f4', 'Sive relin ab attica voluptat, etenime videt quanta expetiuncul maior offendimur ne chaere.', 'Exoremque mihi dubium mihi scriptorquatus ant.', 'https://avatars.githubusercontent.com/u/70609342', 'Quam perani vero nostra te endustria reprimiquo, ipsam commenanim ne summum etiam careritiam.', DEFAULT, DEFAULT, DEFAULT, DEFAULT);
INSERT INTO public.groups (id,name,description,invite_code,created_by,created_at,updated_at) VALUES ('a4ff078a-0333-5853-a671-7ed2822a4c32', 'Sibusant quid animis non te.', 'Sine int sale quale viam stoici itatesse quem, aut frui cogitis et haec volunt voluptatem.', 'Malor praeterit in rebus igitia, non cupidiorem etiam et libent motum.', 'f69ab8ae-675b-5000-b62f-d9292964b66f', DEFAULT, DEFAULT), ('80a449eb-cf0f-5e82-86d1-71dbc7641aaf', 'Ut cum breviturum plurime sive ad tem omnemo.', 'Voluptati nulla sequimur ruinae ent profecce.', 'Sed aniteret beatus in virtutem iucuna te militatum, praeteret oribus darum sed admonstret.', 'bb5aeba2-ff90-5dda-94cf-bd4ca3c39da4', DEFAULT, DEFAULT), ('62ddc789-4560-5d48-9909-8e1cda3a8258', 'Affecta aperin inavisse sic corporistra, non pericural lendus est esse et spe ut.', 'Iliarem omnia et inum et sentantum.', 'Errore de voluerere dixi ne, mutatomnis a et liberea mundi.', 'b7db4ebd-2dab-525b-9012-8d8756b61b3e', DEFAULT, DEFAULT), ('62db77f2-bbb0-5fbc-8ec4-170ae11d02bb', 'Inquam quosvis dem caritionem quam.', 'Eamus leviorem nullam quam minim quae, proptererun voluptatum hoc animis quid aliquantur placeatural neque.', 'Bonum ab nostras laus reperiti a.', '290b4d41-0119-540f-bc2c-0bcc2ebc9e7d', DEFAULT, DEFAULT), ('dcbc0e81-afd5-520b-afba-8f7a757fb2ba', 'Iudexpeten eo ipsa animos modo qui feci, ad studio dubitatio haec es dolermitten.', 'Lat et putatus est clarista de haec et, omni voluptas sit habem praeteritud nulla hominter perciplineam.', 'Locus specie arum consentiunt de voluperir, quos per despicio etiam imadiit primo es nobis.', '16fed382-97c5-5d57-9928-8445eb730f44', DEFAULT, DEFAULT), ('01bd04fe-53a9-50a9-8b24-19b110d834e0', 'Ida debenime legest inter seiungi igit in, nec ob fidelleniat putan modo distrahi nomin potiendam.', 'Et quodsi liberabhor cum sunt, ear censet etur mortis latinhumil omnis et.', 'Quae enturpis est omis peccant, mei et voluptatib doloriber denique.', 'd98025b8-5c2d-5f2f-9fa5-eb88d7392b14', DEFAULT, DEFAULT), ('cd170dd6-6248-523f-950b-f40e2ccbb830', 'Ab erat eum ne sed ambigua, ut neglexere non et cum.', 'Ex cum recta ne qui nihillam vult, minus voce aegritudin requirer scriptorqueantur.', 'Fugientiam puto fruituri minimis propterpretar efficerip, primum ea pugnantibi virtute versiones.', 'b50ca969-a06e-57ab-bff4-881bdbd094b7', DEFAULT, DEFAULT), ('2727d7fd-a07c-5de3-b1cf-e97c6d9e52bf', 'Summum conveneret plenioremque significur sit de geomet ut.', 'Foedus adophis sit tantamendar stabilique chrysippe.', 'Ituris ante ita dominteris inantur, est si versanciret met il.', '81aba299-b1a1-512c-ab97-329af06c5254', DEFAULT, DEFAULT), ('86ad28ee-d887-5bad-bd47-05b7f828dfa1', 'Conectaren ipsa finxerate omnino sententiae ari hominem, causa sic satis consequam tori proposoper tur.', 'Neque per desid potestia munerga es esse inquit, docti nec principlinar legim aequit hominde.', 'Est pendet ret doloresse sinita dere epicultim bonae.', 'cbfaf543-841e-517c-84d4-cbb7d48f0920', DEFAULT, DEFAULT), ('97430a0d-f710-567d-92af-fece528ec4c1', 'Intellegun iudicur homeri andri malinpotes mortemportun, est quae est litter exis satistis velinquam maiorem.', 'Itatum cum numendi vita est.', 'Sit tota omita placuit forte vivenimo robus, adiuntque quod bonum in ter alia possimus.', '000dec1f-f345-5cbf-a805-453752998d0b', DEFAULT, DEFAULT);
INSERT INTO public.group_members (id,group_id,user_id,relationship_label,role,joined_at,is_active) VALUES ('7bd8fe38-54c4-5127-a061-7d4a07d160dc', 'a4ff078a-0333-5853-a671-7ed2822a4c32', 'a392fcf1-263d-5074-a2ee-2b663a01e659', 'Involuptat debeo quantum irridenim dolorum sempernere homo a, vel libenime ad sedathenis molestias iudicia.', DEFAULT, DEFAULT, DEFAULT), ('bef10519-529e-53e0-909c-5c31098a2bd1', '80a449eb-cf0f-5e82-86d1-71dbc7641aaf', '6c60dd00-6a81-5e07-b0b4-b9ea0e721c86', 'Aut praeclare sublatin et quasi nec quid.', DEFAULT, DEFAULT, DEFAULT), ('81564c2c-35b5-55c8-a677-ab468805dc33', '62ddc789-4560-5d48-9909-8e1cda3a8258', '8e0c5a25-78d6-54c7-b58c-5a94cf82bb05', 'Disserendus nihile mihi mollitteres sed.', DEFAULT, DEFAULT, DEFAULT), ('364ffde6-a31b-5964-abcc-185635cad70c', '62db77f2-bbb0-5fbc-8ec4-170ae11d02bb', '8b8977f4-8884-5702-b4c6-0faa3afd5f71', 'Famillum iudicitar quod nostris deniquid firmavitat est.', DEFAULT, DEFAULT, DEFAULT), ('146a1216-2e30-5f9b-85d6-1877dbb8201f', 'dcbc0e81-afd5-520b-afba-8f7a757fb2ba', '76f9ab5f-ebb6-5e83-afdd-84962eb078f7', 'Pertinen tam cuius si stoicos quae ut.', DEFAULT, DEFAULT, DEFAULT), ('b6942770-5d5b-5a6d-a3e2-48b7627f09a1', '01bd04fe-53a9-50a9-8b24-19b110d834e0', '538aa914-b45f-5338-9ced-08cafe108918', 'Ne eque ore voluptatem aut.', DEFAULT, DEFAULT, DEFAULT), ('1273c600-f8b3-598e-9a71-1da77ec062c9', 'cd170dd6-6248-523f-950b-f40e2ccbb830', '5ea7a22e-c73c-57f3-b869-db37b4e2f40c', 'Solent nateque bonum corpus quod.', DEFAULT, DEFAULT, DEFAULT), ('ae8a7599-8836-50e5-8bac-0c3f4ef68993', '2727d7fd-a07c-5de3-b1cf-e97c6d9e52bf', 'cc1a215f-6d6e-5114-bae5-b38da1e10b9c', 'Et tant credo philos molesse, tempericis potest tranquillitat faciam tari sequamur im.', DEFAULT, DEFAULT, DEFAULT), ('1085b85c-850c-5138-83dd-7f0e8d9909a4', '86ad28ee-d887-5bad-bd47-05b7f828dfa1', 'e0f6e232-28a2-55a4-bf65-51ebfcf0ec52', 'Etiam ut est voluptatem ut, voluptat sine et moderrorem reret.', DEFAULT, DEFAULT, DEFAULT), ('3425e293-7249-55a2-a2e1-db16d3c83d1d', '97430a0d-f710-567d-92af-fece528ec4c1', 'bad9820c-7675-5015-b1eb-01a3fcdd99f4', 'Cupidem ut afferanim defutramque voluptatis natur est, magna ad autem scripta sit.', DEFAULT, DEFAULT, DEFAULT);
INSERT INTO auth.users (instance_id,id,aud,role,email,encrypted_password,email_confirmed_at,invited_at,confirmation_token,confirmation_sent_at,recovery_token,recovery_sent_at,email_change_token_new,email_change,email_change_sent_at,last_sign_in_at,raw_app_meta_data,raw_user_meta_data,is_super_admin,created_at,updated_at,phone,phone_confirmed_at,phone_change,phone_change_token,phone_change_sent_at,email_change_token_current,email_change_confirm_status,banned_until,reauthentication_token,reauthentication_sent_at,is_sso_user,deleted_at,is_anonymous) VALUES ('104c2843-a8fb-54d8-93a5-77a478e5f0ee', 'b2fe1b93-4fb2-5465-9184-edb382818af9', 'Bonorati stare carera id corrumque inesse.', 'Itia sit inter noscerem ant concedunt iis quod.', 'Quod tibus mihi ut epicitur quam constituando.', 'Faciunt a quia celsuscipio ad nec cumbere, prompta libidenim potesse quod quo quod.', '2020-03-19T03:05:56.000Z', '2020-11-27T11:08:21.000Z', 'Delen sollictorquat endunt concorporib ei quarum, quod quale quae currunt sed paulo cognitiae negatisque.', '2020-09-17T08:12:35.000Z', 'Haec non et numereat est, voluptatem venire qua dedoccula si.', '2020-12-16T23:23:57.000Z', 'Etur efficiantur recore medeamus potesse.', 'Et neque delectarum sic negarenim audita eum, vivernumquam est modo caleratque habuit a odum latin.', '2020-05-05T16:49:52.000Z', '2020-10-14T22:00:23.000Z', '{"Nihilem":"Litterum ipsi expeten"}', '{"Gere":"Es possummum"}', 'f', '2020-12-04T23:24:56.000Z', '2020-01-25T12:24:31.000Z', DEFAULT, '2020-12-04T12:08:30.000Z', DEFAULT, DEFAULT, '2020-10-02T21:21:30.000Z', DEFAULT, DEFAULT, '2020-05-17T04:18:16.000Z', DEFAULT, '2020-09-13T08:23:42.000Z', DEFAULT, '2020-02-10T01:33:40.000Z', DEFAULT), ('1a2c2218-98b6-50ba-b593-4463f7861665', '9901de90-dc7f-5aad-8d1b-d46a1a185b6e', 'Sentenda natura mutantibus deorsumit physicistae dissero, gravis in legesse mune genus egregione sed inibus.', 'Dialectute acuniae aegritus voluptatib sit, iudicur est ad solem numquidem et.', 'Dixis sancircum labor nos platonem item explicatum, appellant mihi inproborum ut dolorantiq.', 'Virtutem qua statuam cupidita quoque aut omum.', '2020-04-04T03:38:50.000Z', '2020-02-18T13:48:22.000Z', 'Legi abunt de probo ego poena.', '2020-11-27T22:36:18.000Z', 'Met am neque quae vivent nos ilius sus, init est ad mors in.', '2020-02-18T01:20:10.000Z', 'Convicti ea consecutio facienti aper, est e magnus sapiens possummumque epicuri quos.', 'Chorus unt aris ex adminut viverrorem, vitae mnesarenim et quidem nis.', '2020-08-20T07:34:50.000Z', '2020-10-26T09:26:47.000Z', '{"Difficiat":"Vituptas ne"}', '{"Dissermo":"Est frequenter"}', 't', '2020-09-09T20:08:57.000Z', '2020-03-23T02:53:38.000Z', DEFAULT, '2020-12-24T12:00:34.000Z', DEFAULT, DEFAULT, '2020-04-04T04:04:49.000Z', DEFAULT, DEFAULT, '2020-02-02T13:27:07.000Z', DEFAULT, '2020-11-23T10:22:30.000Z', DEFAULT, '2020-08-16T19:23:41.000Z', DEFAULT), ('a930ea1e-c4b3-5982-ab32-e69d85e19286', 'f132fcac-ac7e-5088-a5c1-3a4dda0655ad', 'Mihi potes si quid oderimis quo finibus effluere, continerem ans et nihile os cum.', 'Mone commodo magis ularbitran ulis sit, inemur mollitia debeo haec omorest ex.', 'Horrida inter liberimpet triarius ipsas, fidem ut omnium eius scientia aut efficiat.', 'Omni permandare non potesse aut.', '2020-07-23T18:57:53.000Z', '2020-07-07T06:56:34.000Z', 'Tamenim magistime quadam praesenderep graecista, maximad maluisset iuvare iudicur huc torum difficeror potiora.', '2020-03-23T02:19:37.000Z', 'Sint iudicura dissiduitas postulant iucuntatem novi utillud sent, poena morbis putet extremum perdiscipiat quo et.', '2020-12-05T00:13:38.000Z', 'Et potest conquirenim se defutus ant sint perciplineam, et quibus sic sunt iucuntur neque.', 'Um nam haec ine motumque sumeritia iis.', '2020-08-12T20:03:28.000Z', '2020-07-19T06:31:56.000Z', '{"Cum":"Praesideror quid dissent"}', '{"Non":"Si tant"}', 't', '2020-02-14T01:07:45.000Z', '2020-01-05T00:10:34.000Z', DEFAULT, '2020-12-08T23:17:25.000Z', DEFAULT, DEFAULT, '2020-03-07T14:51:59.000Z', DEFAULT, DEFAULT, '2020-10-26T22:11:25.000Z', DEFAULT, '2020-04-16T03:13:52.000Z', DEFAULT, '2020-01-21T00:11:53.000Z', DEFAULT), ('72adc419-f23e-5232-9fa8-5055a56359f4', '1b26453d-e4bb-528e-831d-8730435ee596', 'Ne hoc locumquam diis causa, tem de corporum non quaestionem magnos contincto.', 'Metum voluptate viristi sophoc tam nullam ad iderintel, voluptas memin ab litter iis si habeat.', 'Itere aliquid causamoris utatibus manille factis cur quidemus, sequanturbul ad numquam nihilest quanta dissident.', 'Maior sit se earum e, intuemura dolori et sus sempervenir vitae.', '2020-03-23T14:52:01.000Z', '2020-03-19T02:55:47.000Z', 'Bonorem it natur est maledo itur.', '2020-01-13T12:57:39.000Z', 'Modo omnis faciturus quanto voluptas, ut percipiatur quae vel sedit.', '2020-05-21T04:40:21.000Z', 'Rationesse loqui per ad tibus susciplinab us, qui si aut plurim quosque loca rem.', 'Pericitur anesse otios dem te, vel et viderosop te perii sit.', '2020-05-17T16:56:15.000Z', '2020-12-20T11:38:29.000Z', '{"Torquato":"Neque chaere"}', '{"Homin":"Voluptas in"}', 'f', '2020-10-18T09:23:51.000Z', '2020-12-08T11:57:37.000Z', DEFAULT, '2020-09-21T20:55:25.000Z', DEFAULT, DEFAULT, '2020-08-12T19:42:16.000Z', DEFAULT, DEFAULT, '2020-09-13T21:11:57.000Z', DEFAULT, '2020-01-05T12:36:33.000Z', DEFAULT, '2020-07-27T06:48:09.000Z', DEFAULT), ('5664cf26-570e-5242-89b3-bb223dd2e5f7', '38da6186-0fc0-5780-b8cf-38d9b44db69d', 'Quibus voluptate obruamus voluptate ad habem nos.', 'Et ponitiamus viderudit possimae nos monetiam est delectetur, posse in hominferreum si ime inamicat scripta correcta.', 'At antis voluptate spatio certamque, sed autem ine im non vita voluptatis qui.', 'Inquit supplicarguer nisi est atque viam versa tamenditas, assiduit quaeratio si ars eaque quorum aut es.', '2020-05-01T16:47:07.000Z', '2020-08-20T08:05:28.000Z', 'Mihi metum repelem quidemus malum detracta pulchraeque quod.', '2020-09-09T08:37:37.000Z', 'Est dicantibi sint intellegis indus.', '2020-01-09T12:05:02.000Z', 'Sine a perfecta eturus scripta sed offendimur, fieri tempus sedatem quae et conveniri.', 'Se modo re esse si omnium, quo utriusque per et voluptas.', '2020-09-09T20:57:40.000Z', '2020-09-21T20:44:34.000Z', '{"Deteritur":"Epicium antiam us"}', '{"Sicut":"Cum sentias"}', 'f', '2020-11-11T23:00:58.000Z', '2020-01-21T12:31:13.000Z', DEFAULT, '2020-01-05T00:50:17.000Z', DEFAULT, DEFAULT, '2020-11-15T10:52:39.000Z', DEFAULT, DEFAULT, '2020-05-01T04:20:06.000Z', DEFAULT, '2020-02-06T01:45:15.000Z', DEFAULT, '2020-03-11T02:27:28.000Z', DEFAULT), ('ce3b742a-8ea1-5c84-85f2-7b786a044cb4', '46436798-ab2e-5d52-a258-84f786a93b0a', 'Idcirco cum curios eam id genia non texitionem, volupletior sententiam panaetere quem voluptate.', 'Virtutem privavita in appeteniet ei aut.', 'Legent mea quidemus torem est necestia sed ista.', 'Duxit disputatom causamornat reper est nostram concludat, tuum rerum hoc nobis possimplicav ab utrum si.', '2020-09-21T08:20:07.000Z', '2020-08-24T07:10:18.000Z', 'Legatile industriae omnes vult alesse hoc quae inflammater.', '2020-01-09T00:49:39.000Z', 'Ea ire me tandem placetural.', '2020-09-09T08:21:40.000Z', 'Causa probam isci inqueretiam fugiendore quam voluptates haec, doloranim autem ipse consolutram ata.', 'Quae conficia quibus viti quidque proborem aut.', '2020-11-15T11:07:48.000Z', '2020-10-10T22:09:10.000Z', '{"Temnentes":"Ipso beata"}', '{"Eas":"Permultissim iudexplicar"}', 't', '2020-12-12T11:16:47.000Z', '2020-12-16T11:11:57.000Z', DEFAULT, '2020-07-03T19:08:51.000Z', DEFAULT, DEFAULT, '2020-01-17T12:37:20.000Z', DEFAULT, DEFAULT, '2020-10-14T21:16:13.000Z', DEFAULT, '2020-02-06T13:07:37.000Z', DEFAULT, '2020-02-06T13:03:11.000Z', DEFAULT), ('f8d87377-390f-59df-afcc-1069bb5fab0a', '0982af8a-10bc-5864-baaa-944286a1167a', 'Cum antipate inferrentur ob sunt exiscuntur aliquo inenderig, partes dubit explicab et debet.', 'Gloriae qui factis earum consequam.', 'Qua omoration sit en ant et metu.', 'Ipsum iturei ationem animo recore.', '2020-02-10T01:03:29.000Z', '2020-04-20T15:20:48.000Z', 'Instituamur etur si geomet am.', '2020-06-26T05:41:25.000Z', 'Iis videt quanto fecerit videbitur doloria quid.', '2020-04-20T15:31:17.000Z', 'Et potest praesent maiestate alterum, perit quid causa tori aut provocriter.', 'Numquam qui at satis posset benivoles quidem, quod sit vult quondam non erire quia necest.', '2020-12-16T23:39:55.000Z', '2020-01-21T00:37:03.000Z', '{"Corpus":"Ponderigit modo probare"}', '{"In":"Quae cum"}', 'f', '2020-03-07T02:16:27.000Z', '2020-04-12T15:51:32.000Z', DEFAULT, '2020-07-27T06:14:57.000Z', DEFAULT, DEFAULT, '2020-12-16T11:55:18.000Z', DEFAULT, DEFAULT, '2020-08-08T07:11:19.000Z', DEFAULT, '2020-05-09T16:47:01.000Z', DEFAULT, '2020-02-26T02:04:35.000Z', DEFAULT), ('31b074b5-f6c4-5bb3-b948-bb943e1eb6af', 'a696f862-84ea-5e82-ad08-e077a0a50b94', 'Autem medium secutunt maximus rebus litter, est quid nivem huic temporrecte hocles.', 'A se primo iudicium esse vestrae, si a delectaria se lat fugiatur.', 'Et igi ut potione ipsistate quem aut consueverea, factis candi ini as maxim.', 'Duxita et non quam interum sequamusus sequi quaeque.', '2020-10-14T21:36:50.000Z', '2020-06-06T17:06:43.000Z', 'Ipisdem est ad sed ei igans conducat, loqueret qui in nihillis afferat.', '2020-06-22T05:33:27.000Z', 'Inandissen quod partis pueri andi, ophia vita minus in res.', '2020-06-14T05:40:46.000Z', 'Et geniisque humane sequi quod, quam satur scientia am quae copul.', 'Dolorisque gauderstituen integris inime male et tamennius.', '2020-08-04T19:18:01.000Z', '2020-06-14T17:35:24.000Z', '{"Ipso":"Disserendam tale lique"}', '{"Tamque":"Necesse faciendissen sit"}', 't', '2020-06-10T05:25:33.000Z', '2020-07-03T18:11:38.000Z', DEFAULT, '2020-09-05T08:49:19.000Z', DEFAULT, DEFAULT, '2020-12-20T11:58:10.000Z', DEFAULT, DEFAULT, '2020-04-28T03:41:41.000Z', DEFAULT, '2020-07-07T06:33:22.000Z', DEFAULT, '2020-10-22T09:22:32.000Z', DEFAULT), ('3ad15f7c-4389-550b-8ace-e8f929414c08', '5619e72b-98d9-54b0-9f77-1fc49e36a00a', 'Ab dici nullam quod dicturbamur quam causam, ex qualesse minus nostram legam.', 'Am peranimi paria int sequentiamque ego platonem ea.', 'Aliosis omita fore approbis inquam de, offenditat confirmatur fieri graecistippus ut ulis consiliis.', 'In victi physicisse perum quidemus iliustiores cupis et, eiusdemocrit vestigangus in accedit iam ulla laborisset bonorem.', '2020-06-14T17:42:52.000Z', '2020-06-06T05:53:33.000Z', 'Ant periorem autem sint totum omne, dolorum inem totum se leniatur locum cum naturam.', '2020-05-21T16:52:14.000Z', 'Nec numquam per as dicerem, consequatur in qualest animam quam ab semperii.', '2020-10-26T21:46:14.000Z', 'Neque possit nullo amicorum comprehent simus rutiles.', 'Alesse igit en loque omnium, monito triarius esset voluptate tamque si dolorum.', '2020-03-03T14:19:59.000Z', '2020-12-08T11:40:50.000Z', '{"Rebusdam":"Ad partientis"}', '{"Cendi":"Illis uto magnitudin"}', 't', '2020-11-11T10:59:06.000Z', '2020-10-02T09:45:08.000Z', DEFAULT, '2020-07-19T18:56:59.000Z', DEFAULT, DEFAULT, '2020-01-25T12:10:54.000Z', DEFAULT, DEFAULT, '2020-01-21T00:50:47.000Z', DEFAULT, '2020-03-19T14:02:25.000Z', DEFAULT, '2020-07-07T06:18:14.000Z', DEFAULT), ('b4f60224-6dcc-51b1-8246-5783a92d8596', 'f2500b28-328c-51a3-b886-971a1af38a15', 'Quam adhibuit praesid autem quia litter sapiendis, p per ante dictum alter ob.', 'Modo dicest infinitia averatom cum omnes inum.', 'Ullus pondente vel quidem enimpetat nissimo partissimum habeat, restinaccur dein praebeat conducuntiar in.', 'Offenditas ratio necesse non abilition.', '2020-08-20T19:44:30.000Z', '2020-08-20T19:54:45.000Z', 'Nam inquam sapientia anime tota, quem ne non volunditat et poteruntur certam.', '2020-04-16T03:07:41.000Z', 'Laboratque exedatio ubero hominiuria quae, voluptatib et sed ob sint contenere eo.', '2020-09-25T08:22:59.000Z', 'Contra nos utione plusque bonum consuetudo.', 'Idem et quidem hosti iliari.', '2020-10-14T21:54:26.000Z', '2020-09-13T20:27:05.000Z', '{"A":"Quis pluribus it"}', '{"Quippe":"Nec et eosdem"}', 't', '2020-05-17T16:20:08.000Z', '2020-12-12T11:49:31.000Z', DEFAULT, '2020-02-10T01:34:29.000Z', DEFAULT, DEFAULT, '2020-12-04T11:42:38.000Z', DEFAULT, DEFAULT, '2020-08-12T07:16:03.000Z', DEFAULT, '2020-08-28T07:13:10.000Z', DEFAULT, '2020-03-11T02:27:55.000Z', DEFAULT);
INSERT INTO public.profiles (id,email,full_name,avatar_url,phone_number,timezone,notification_preferences,created_at,updated_at) VALUES ('b2fe1b93-4fb2-5465-9184-edb382818af9', 'Ilius qui ad estiam dolenda ait meliusteque tum.', 'Milit commodo appellatin primore voluptas, cum ad eritatur num e.', 'https://avatars.githubusercontent.com/u/38059079', 'Aequi quia a inde fecto unda.', DEFAULT, DEFAULT, DEFAULT, DEFAULT), ('9901de90-dc7f-5aad-8d1b-d46a1a185b6e', 'A quidemole effici amotisse nam corruptis a.', 'Habendum cum torum uti inmorbi.', 'https://avatars.githubusercontent.com/u/62005297', 'E audeamque me autem suspicorter formidinum, postulandis nihil dixistota cum philosoper omnium moda qua.', DEFAULT, DEFAULT, DEFAULT, DEFAULT), ('f132fcac-ac7e-5088-a5c1-3a4dda0655ad', 'Ini arbitraret vivere sed licit conscientia vitam in, quaeque periisque ea animo estatest igitation.', 'Eisque it sicut te dolore consummum diuturalien ponatur, ex esse etiam et sed sibi.', 'https://avatars.githubusercontent.com/u/16336179', 'Non platone ut quam liberem et ime et.', DEFAULT, DEFAULT, DEFAULT, DEFAULT), ('1b26453d-e4bb-528e-831d-8730435ee596', 'Quasi ad quid maledonum ex voluptate quid.', 'Naturo est quod ate beatae, gaudem et scientia medeam ut.', 'https://avatars.githubusercontent.com/u/69551626', 'Non si quid multis iudicus, non quidem convenirca ate quos dicer civium.', DEFAULT, DEFAULT, DEFAULT, DEFAULT), ('38da6186-0fc0-5780-b8cf-38d9b44db69d', 'Ponsummum peritas in ida proficitur ea percipi.', 'His ac entererud etiam non.', 'https://avatars.githubusercontent.com/u/6065769', 'Tantam appetere it quidem legum, plane taneumque cendi quis idere.', DEFAULT, DEFAULT, DEFAULT, DEFAULT), ('46436798-ab2e-5d52-a258-84f786a93b0a', 'Nam paene ad disseruerun viverunt inest si tamendum, cum fuisset fore ab dicta philos.', 'Et vis illa ut vult, ut ipsa doloris iis sibus sit torquem mundus.', 'https://avatars.githubusercontent.com/u/42603148', 'Dissidua res mutant ea ruant.', DEFAULT, DEFAULT, DEFAULT, DEFAULT), ('0982af8a-10bc-5864-baaa-944286a1167a', 'Sit animi malivole ex quae cognita tamque.', 'Iliari fugiens non et videmus quidam nec.', 'https://avatars.githubusercontent.com/u/68509202', 'Diligitur platone dicendam in neque positia verum non, tempus ut fortitura ophiae in vera.', DEFAULT, DEFAULT, DEFAULT, DEFAULT), ('a696f862-84ea-5e82-ad08-e077a0a50b94', 'Quid qui solid tantas de debensa religi cum.', 'Ipsa ut inosarum nisi melius modo ego.', 'https://avatars.githubusercontent.com/u/4382249', 'De aut egregione solum ad sentiunt turum non, me etura a elabille voluptari ut.', DEFAULT, DEFAULT, DEFAULT, DEFAULT), ('5619e72b-98d9-54b0-9f77-1fc49e36a00a', 'Voluptate de sed in deniqua factis temperangus, et qui praeteritat locus aut.', 'Minus id ens cognita de est esse.', 'https://avatars.githubusercontent.com/u/38723666', 'Non igita in alestiae atur.', DEFAULT, DEFAULT, DEFAULT, DEFAULT), ('f2500b28-328c-51a3-b886-971a1af38a15', 'Idita quicquid dixiterat est harum qui, poetis utillae diis de hominde are se.', 'Partes desidua enimum satur scripta, im sapiendam domus sit et eorum aut ut.', 'https://avatars.githubusercontent.com/u/88166507', 'Non mihi enimperspic gregest minore.', DEFAULT, DEFAULT, DEFAULT, DEFAULT);
INSERT INTO public.groups (id,name,description,invite_code,created_by,created_at,updated_at) VALUES ('a7b5a352-c3c8-5c8c-b2ca-3c95227caf5a', 'Physico voluntur quae confirmis alia tamque.', 'Vituptatem tantum arendum officilla corporis angore.', 'Videtriaque es veri ea esse notae benivolut, ant magni epiceret omnium qui.', 'b2fe1b93-4fb2-5465-9184-edb382818af9', DEFAULT, DEFAULT), ('393dfb28-e019-5059-ad85-4fbd0510e4b3', 'Dolorem per inpotest et quod ut, iustior de aegritudin eum homincia ores eritia conflixis.', 'Ipsi habem non putat sed exquis, allicitia int quisquam quod primis seque.', 'Nullo tota aut quaedam regultas sitam et, hones voluptates sive quo paterabo am aliae suppeten.', '9901de90-dc7f-5aad-8d1b-d46a1a185b6e', DEFAULT, DEFAULT), ('fb34dfdd-caa7-533a-8344-452df85ecd36', 'Possunt civium autemus deteruisse dolore ocritudit.', 'Non quidem vivenim rem et natequid, cum versionibus ipsi philosophiae discipit enda patientium aut.', 'Quibusque contra domus quod laborumque satis diu, mihi parta quidem vitae illimis.', 'f132fcac-ac7e-5088-a5c1-3a4dda0655ad', DEFAULT, DEFAULT), ('cde6c040-cbee-5306-b7b7-3b3f6a7d2c7f', 'Vituptatum et addido non me, nostrum quod etiam et dis.', 'Ab arum videat missimum voluptation quarum fama, persequendas hoc ad quibus si aut iudicitud.', 'Declineamus ut mereritur ratio cum solvantur.', '1b26453d-e4bb-528e-831d-8730435ee596', DEFAULT, DEFAULT), ('a742da00-955e-549c-9caf-1ebfada9a1e7', 'C de cumant expetatus sentiet converum, ullus tamendi autem sit is non quod.', 'Tua recta laborem infere aeque quo, contum ut dolorem inprobaret privavi quod nes nobissimae.', 'Sunt philosophia haec repet philos plato amicur.', '38da6186-0fc0-5780-b8cf-38d9b44db69d', DEFAULT, DEFAULT), ('6e5762e8-ced1-572d-8cc6-8e78b759ecf1', 'Cumcisaque imustus horum tria gravis quae medium, novum quae id vero voluptatem fugiendiscid vel.', 'Carere sollicitur aut ab quidem sed.', 'Peritatae hic quaerim autem morborum tuo.', '46436798-ab2e-5d52-a258-84f786a93b0a', DEFAULT, DEFAULT), ('1875db64-e06b-5304-be0c-5670fb974ccc', 'Rebus ut inationes cuius faceritur atum, ait consollicit solid itur ad ulae.', 'In totellat requietista peranim habeat dicersas per, ophi ad brevi tibi atque inprobis est corporis.', 'Si libro aut contem etiam ad, non a potest nunc etiamsi am.', '0982af8a-10bc-5864-baaa-944286a1167a', DEFAULT, DEFAULT), ('1db1bc1c-5e2b-5d59-8679-43a26843a9ca', 'Viam aut refere am voluptatem essariae quibus nihilesse.', 'Efactetur in cum sensibus iucunt ipsos sit alia.', 'Antur ut etura numerudian vero ut.', 'a696f862-84ea-5e82-ad08-e077a0a50b94', DEFAULT, DEFAULT), ('c934b129-fd4a-5d82-be3a-d2fa3625ae7e', 'Eos amicurum es sumere mihi, estiae praesent voluptates dolorum distinerim spe quanta.', 'Uberia sit inter sicutioni nec vita nes.', 'Sed utille proficur suscipitaq extremum.', '5619e72b-98d9-54b0-9f77-1fc49e36a00a', DEFAULT, DEFAULT), ('26ca1a59-2678-558e-8f8e-ecb2e8720edd', 'Hanc legimus eum maluisti enimam in maiorestiae, finit viveniungim ant maluis in multi.', 'Si scriptorem eptrice qui id a te.', 'Rerum si has multo triariusto est, id maluisti severe nomin praeterim gaudem mihi aliquando.', 'f2500b28-328c-51a3-b886-971a1af38a15', DEFAULT, DEFAULT);
INSERT INTO auth.users (instance_id,id,aud,role,email,encrypted_password,email_confirmed_at,invited_at,confirmation_token,confirmation_sent_at,recovery_token,recovery_sent_at,email_change_token_new,email_change,email_change_sent_at,last_sign_in_at,raw_app_meta_data,raw_user_meta_data,is_super_admin,created_at,updated_at,phone,phone_confirmed_at,phone_change,phone_change_token,phone_change_sent_at,email_change_token_current,email_change_confirm_status,banned_until,reauthentication_token,reauthentication_sent_at,is_sso_user,deleted_at,is_anonymous) VALUES ('75d9ee3b-0712-555d-9d35-67ff621a19bf', '77c9d566-e121-58ef-a5e5-863169d2f9e5', 'Quia quo quos sensumendo ut movertim segnita cum, vel intelosten ime cumcisaque peccandi tur saepe voluptates.', 'Philosophar filio atio sed ophiae de.', 'Nominstructior ant potiustite videndae perpetensa utat, qua legim anim cum docet.', 'Electutem futur fore spe atius successio ne.', '2020-08-16T19:40:00.000Z', '2020-05-05T04:25:45.000Z', 'Est malari viam extremo vel et detracta, eorum estemporro quae tum quidem qui ationemol.', '2020-05-21T17:00:58.000Z', 'Nisi sit us quaedam reliquidae.', '2020-06-22T17:37:24.000Z', 'Puerillam superension stoicisfacil detraxit ea non declinamor, quod sitne infinxerat docui quae.', 'Veri tam cogitathen recte sine optio.', '2020-07-27T06:17:45.000Z', '2020-03-23T14:02:08.000Z', '{"Putani":"Endi iraccesser vel"}', '{"Ernumerrat":"Exis splendore omnes"}', 'f', '2020-03-23T14:21:29.000Z', '2020-12-12T11:44:59.000Z', DEFAULT, '2020-09-13T21:11:29.000Z', DEFAULT, DEFAULT, '2020-03-19T03:04:11.000Z', DEFAULT, DEFAULT, '2020-12-28T11:24:52.000Z', DEFAULT, '2020-10-18T09:18:30.000Z', DEFAULT, '2020-02-14T01:02:58.000Z', DEFAULT), ('b8be2a07-1a2d-5887-86a9-b91dda8f3b4d', 'f1e01cf3-f24e-5650-bae4-057026117a86', 'Convero admodo aut philosoper historquatos constringener aut sentitum.', 'Soleat audivolven ego ferandum sentenenim quarum quo huic.', 'Disputamic bonum est ponundustriae quem.', 'Ad ratu iis refore aut, ulista cur quem igunde est.', '2020-03-03T02:04:29.000Z', '2020-09-17T21:08:31.000Z', 'Vos et voluptatem consumus cupido at, et epicurus quos saxum sapientia reliqueret et hosti.', '2020-03-11T14:38:45.000Z', 'Requietis omni probantiquit contra id praesens numquam, quamquam quidem abo et quo tibus cum sentioribus.', '2020-05-05T16:53:14.000Z', 'Mortale quae natur tum a recus sit centur.', 'Quia apparardor genus et nihilis comparum sive, apeirian successerit sensu quidem dolornam ea prompta.', '2020-09-05T20:54:27.000Z', '2020-03-15T02:04:13.000Z', '{"Modo":"Statim non putat"}', '{"Es":"In responsumer imicuri"}', 't', '2020-06-02T05:10:09.000Z', '2020-04-08T03:17:27.000Z', DEFAULT, '2020-10-22T10:07:58.000Z', DEFAULT, DEFAULT, '2020-01-05T12:13:28.000Z', DEFAULT, DEFAULT, '2020-01-13T00:45:11.000Z', DEFAULT, '2020-12-16T23:23:16.000Z', DEFAULT, '2020-07-23T18:10:06.000Z', DEFAULT), ('79594fb3-f895-58ae-9cd0-9d89aa4a8a93', '2ef12891-0701-57e3-87b3-397caba2e13f', 'Rem ut voluptatem quod minatio dubium quosvis.', 'Est ut nobiste frui unt es.', 'Corportunae voluptas est ipsa afflueret eturque quae, posse non ipsos omis ipsummum.', 'Sediterem oderit veritur vult l.', '2020-04-24T15:15:51.000Z', '2020-04-04T15:28:14.000Z', 'Modum propterrogar locum nihillam qui et neque et.', '2020-05-25T17:06:10.000Z', 'Viam per de autem in quod, cursu ilit possumus addidicet tum divit expetu.', '2020-02-14T01:38:37.000Z', 'Quidque consummo non quam molestem currunt, ales at hoc in est.', 'Et tueri quod nam quot.', '2020-09-17T08:35:04.000Z', '2020-10-14T09:18:05.000Z', '{"Ego":"Endumve omnium instituit"}', '{"Desideruis":"Quod tur"}', 'f', '2020-01-05T00:44:35.000Z', '2020-11-07T23:05:27.000Z', DEFAULT, '2020-07-07T18:15:05.000Z', DEFAULT, DEFAULT, '2020-10-06T21:18:46.000Z', DEFAULT, DEFAULT, '2020-03-07T02:50:49.000Z', DEFAULT, '2020-10-02T21:40:43.000Z', DEFAULT, '2020-04-04T03:40:07.000Z', DEFAULT), ('993ff63f-60cc-530e-8bec-443b5ac43210', '761df49d-ef64-579f-91c6-9ea042c30305', 'Vero im quoniam etiam quidem posuitation, torem adducem cognostra causamus estia summum.', 'Quasi est itanimum voluptata ad, variisque ini posse soleat parab eli.', 'Versam eo concuriosum mutae ationest sermo paterinib aut.', 'Dolornatur quanto causa et vita iactaria us dicturma.', '2020-08-12T08:10:00.000Z', '2020-07-23T06:49:57.000Z', 'Maximus aper disseriter ne nihilitem tantum parum est, medium fruuntur posset non ores pediuncta scripta.', '2020-09-21T08:44:06.000Z', 'Motum desidior endae possumma nisi platonanum aliosae.', '2020-08-08T07:09:41.000Z', 'Libid feratque sanguinem causam quod, quibus lucil quem es aequi nos et.', 'Iliarem adhuc amicit am dominvideo voluptate quo, propter partis qua dixere quod beateque um sed.', '2020-08-20T07:56:58.000Z', '2020-09-17T08:50:06.000Z', '{"Putatem":"Percur nostris"}', '{"Nec":"Dixi facillum"}', 't', '2020-11-11T10:18:48.000Z', '2020-03-19T02:11:10.000Z', DEFAULT, '2020-07-23T06:40:03.000Z', DEFAULT, DEFAULT, '2020-05-09T04:55:38.000Z', DEFAULT, DEFAULT, '2020-01-13T12:23:38.000Z', DEFAULT, '2020-05-17T16:25:36.000Z', DEFAULT, '2020-02-22T13:35:02.000Z', DEFAULT), ('da1cfcdb-b8c9-5561-bbb8-08e479e51eb6', '9b8a4901-1c37-53fc-ad14-99ad32bfc398', 'Etur mandam rerum placet ine ceteret respirarbit video.', 'Bonarbitrat nec brevi legerita non igitudo quibus sed.', 'Excelsuscip bonarenim putem vel aliquod quanta de quia.', 'Laudem sensibus sentiamque plane quos et, continentib cum autem expetentian omni via de sed.', '2020-10-02T21:14:09.000Z', '2020-07-23T18:45:52.000Z', 'Quid ducathenis defuit autem voluptatem solum.', '2020-07-15T06:18:36.000Z', 'Perspexit vellem etur expetuamus quodsi vera.', '2020-09-09T20:41:56.000Z', 'Frustra sediti aut etiam es memorum e, int aliae illabeffic atistra esse etenderep malle.', 'Sero multi videat nosci arissimae, omos eratque fecta adam antur rem ad placet.', '2020-08-24T07:44:33.000Z', '2020-09-21T08:58:13.000Z', '{"Potes":"Adquiescere paravocrit est"}', '{"Et":"Rebus cyrenaicos"}', 't', '2020-11-23T23:01:18.000Z', '2020-05-01T04:27:12.000Z', DEFAULT, '2020-02-22T01:12:54.000Z', DEFAULT, DEFAULT, '2020-04-04T15:23:48.000Z', DEFAULT, DEFAULT, '2020-06-26T06:07:11.000Z', DEFAULT, '2020-12-24T11:24:13.000Z', DEFAULT, '2020-10-22T09:45:57.000Z', DEFAULT), ('cfce6932-6865-51ee-98e4-357c349bf6ae', 'b92367c2-6388-5942-851e-996df4426abf', 'Sit esse propter summa homere, eamque dis praesen hoc comparabil ad quam eturnition.', 'Pondere illud latinter rem modo qua ad nosmetu.', 'Voluptatis autem in everundit neque repugientium ophi romant.', 'Declinatem quidem contendisput si ret claris moles non, quidemus si volunt cognostro autem primum utionem quisquam.', '2020-05-17T04:09:59.000Z', '2020-11-11T10:15:53.000Z', 'Quidem idem propter de tores.', '2020-05-13T04:44:39.000Z', 'Et horreat in corruptissim maius, se ani gere iuvarriden omnisi.', '2020-03-19T14:31:05.000Z', 'Voluptatib nis intercaped possummum utrumque, fecto si humilo tam neque praeteret ea adminatus.', 'Natur fruenda is viveritud mihi.', '2020-11-19T23:00:39.000Z', '2020-11-15T10:14:47.000Z', '{"De":"Bona et"}', '{"Ut":"Quietae in detracta"}', 't', '2020-03-11T14:54:08.000Z', '2020-08-28T20:09:20.000Z', DEFAULT, '2020-09-25T08:45:55.000Z', DEFAULT, DEFAULT, '2020-11-11T10:13:12.000Z', DEFAULT, DEFAULT, '2020-03-23T14:43:37.000Z', DEFAULT, '2020-08-24T19:47:56.000Z', DEFAULT, '2020-03-23T02:49:48.000Z', DEFAULT), ('1d746198-75e9-5bff-922e-79e4572672d4', '0cfd493b-0596-5a4c-abd2-51f7ee29268b', 'Ine omnesque consequit in non maximus endi, entes vituptas non pacuvii endo.', 'Ere sint cursiones missimis diogen allicitat, es nulla ponitation identur am hominoption.', 'Nobistota ut satisdem cognos eas quae.', 'Ex nulla quid nihiliores es ipsa estias.', '2020-01-21T12:27:22.000Z', '2020-04-28T16:04:59.000Z', 'Oporum conficii estiam modo aut primum, ne iudicur quidemus pediter probante.', '2020-08-24T07:22:33.000Z', 'Possum versarum nobistunae filium hic, pertinerit atomnisi et dissensibus ipsummum partemnentes vita qua.', '2020-03-23T02:32:33.000Z', 'Eo minimo qua il sapiendore.', 'Omnino nec atur apergo locuptas etur futurallic pacem.', '2020-06-14T05:53:48.000Z', '2020-02-26T01:40:00.000Z', '{"Propter":"Adversatur ego vitam"}', '{"Quod":"Ad satis legito"}', 't', '2020-12-08T12:07:59.000Z', '2020-01-21T00:25:16.000Z', DEFAULT, '2020-04-04T03:20:39.000Z', DEFAULT, DEFAULT, '2020-02-22T02:00:33.000Z', DEFAULT, DEFAULT, '2020-01-13T13:01:30.000Z', DEFAULT, '2020-11-15T10:50:05.000Z', DEFAULT, '2020-03-15T02:11:55.000Z', DEFAULT), ('6724ac83-82de-5348-a750-1f3fe3908624', '5ee48a59-20a2-51c0-830f-20b99794097b', 'Fore inopori quod bonum quam natur vestigant eam.', 'Nihilludic voluitat finitatib non aliquidae il, his es tum quod illaborat quae voluptatis tuo.', 'Quanto res etenimus posse corpore orattentia lat.', 'Despicio neque dolorest cum autem mandam dicamur.', '2020-07-19T18:34:31.000Z', '2020-07-15T18:18:07.000Z', 'Eius vindictum cognitator litter quid adolum sine, te primum et officit nihilitat de tum atis.', '2020-06-18T05:38:44.000Z', 'Doloresse quam arguerenim sed se qui, depravatae titudin quoniamque non am aliqua locis liberiora.', '2020-11-15T22:28:18.000Z', 'Aret cupid quam autem putare ime, patre sequimura ad coniuntur neque cum iudicisse disputem.', 'Deorum voluptas quod amicare et huic suscipitur sed.', '2020-04-24T03:26:28.000Z', '2020-03-23T14:52:43.000Z', '{"Se":"Quod fortit isdemocat"}', '{"Non":"Sunt aut"}', 't', '2020-01-13T00:06:09.000Z', '2020-08-28T07:59:26.000Z', DEFAULT, '2020-06-26T17:31:32.000Z', DEFAULT, DEFAULT, '2020-03-19T02:05:27.000Z', DEFAULT, DEFAULT, '2020-08-08T07:57:00.000Z', DEFAULT, '2020-11-15T10:38:06.000Z', DEFAULT, '2020-12-04T11:42:59.000Z', DEFAULT), ('a9fc000c-9c02-528b-9554-124f005ea95e', '99ac0b31-7f6f-5c23-a405-8258947fb994', 'Allevitas effici incorrupti habenim malitaque si corruptis, es graecis nec dolorter alter disputo tant dolore.', 'Erat ita perpetua bonum quibustus, se tamenda omnes voluptatem aliquid volueret quietem.', 'Modo habeatur andis ei ipsa, de obcaecil contra quod propter utam ut e.', 'Pulchraeque vidus tore omnia molesse quidem.', '2020-01-09T00:10:59.000Z', '2020-01-09T00:07:01.000Z', 'Qua de reperimi nec alter, etiam causae spe a vestra quae essarium.', '2020-03-27T15:06:18.000Z', 'Autem semellatin quae am dubio, eque gratia etur in esse voluptatib ipsa contra.', '2020-03-19T02:08:08.000Z', 'Posse voluptatem faciam credo es dolerudin aut.', 'Quam tu quibus mihi sum, actantum causae e in nobisset bella.', '2020-11-27T22:48:11.000Z', '2020-07-11T07:08:38.000Z', '{"Videret":"Conclusione sit quidem"}', '{"Hostis":"Inum ini"}', 'f', '2020-07-23T18:32:29.000Z', '2020-02-22T13:08:07.000Z', DEFAULT, '2020-07-19T19:01:04.000Z', DEFAULT, DEFAULT, '2020-05-13T16:29:09.000Z', DEFAULT, DEFAULT, '2020-04-04T15:14:08.000Z', DEFAULT, '2020-02-02T01:11:38.000Z', DEFAULT, '2020-08-08T07:54:54.000Z', DEFAULT), ('fb47528a-528c-5600-86ca-1906b76824f9', '48aa8c1c-6d2f-5fcd-9dd9-26e43e24495a', 'Plus inibus tum fert declara contum, se simus sit sunt statuat.', 'Deniquidem maximus si texitio titilloqui quod.', 'Sit ad dissensuscip chaere memoribus convindicam inquit autem.', 'Illas ita vitae ipsius allicamur.', '2020-07-19T06:25:53.000Z', '2020-03-07T14:39:51.000Z', 'Sit ipisset bello epicio quod.', '2020-11-19T23:13:21.000Z', 'Pulcherrimiq quae simillius tant aut recta iisque vivationem.', '2020-04-04T15:45:21.000Z', 'Qui romant aut atque philos quae.', 'Quoniam et amicipsam et assuevertam cupidque reprimentib.', '2020-03-03T14:09:23.000Z', '2020-02-18T13:49:25.000Z', '{"Est":"Albuci quae"}', '{"Quibus":"Quibus sed"}', 'f', '2020-07-11T06:31:28.000Z', '2020-09-21T21:11:23.000Z', DEFAULT, '2020-02-18T02:02:56.000Z', DEFAULT, DEFAULT, '2020-11-07T22:33:25.000Z', DEFAULT, DEFAULT, '2020-02-22T13:47:37.000Z', DEFAULT, '2020-11-19T10:30:28.000Z', DEFAULT, '2020-07-15T19:07:11.000Z', DEFAULT), ('ef8a36c2-1688-5332-af4a-9a3d3be8b992', '60dc80a3-dd35-5d0e-8e1b-66ffb00f8c49', 'Eis prompta ophia rationi non erum, natum detractio aut probit fere bonum eque censes.', 'Metuque ant nusquam nec quicquid nos, tenta metu magiscuntur ipsam democtavit inem illud.', 'Non atio es res voluptat se corporis.', 'Huic proposteneam didis tuentur ea quia temper sit, et consilia idit sed eo probate fit.', '2020-07-15T06:32:35.000Z', '2020-03-19T14:06:02.000Z', 'Viveret nec noscere suam latinem et.', '2020-12-28T11:25:13.000Z', 'Quia hoc id tament si ait neque.', '2020-10-22T09:23:55.000Z', 'Etur philostentiae scripta esse habetiam.', 'Imus tam sentantali eum voluptate, as probo pellatinstit nonne est.', '2020-04-16T03:38:06.000Z', '2020-10-26T09:56:02.000Z', '{"Homin":"Quod domest potes"}', '{"Eo":"Iditiae quidem quo"}', 'f', '2020-08-08T19:36:43.000Z', '2020-07-19T18:55:01.000Z', DEFAULT, '2020-09-13T08:21:22.000Z', DEFAULT, DEFAULT, '2020-03-23T02:51:25.000Z', DEFAULT, DEFAULT, '2020-03-11T02:15:34.000Z', DEFAULT, '2020-02-18T13:29:30.000Z', DEFAULT, '2020-04-28T03:53:33.000Z', DEFAULT), ('eda20cc5-5415-5ba8-a029-bd9e5f9d10d3', '7e7ff857-b766-5a77-b33e-afaba8b0ee83', 'Ea videt hoc ea nos texita si sine, ventoriae ea facil dolordiamur magnumquam in est ratio.', 'Vitae mucius natur electo quam rationi sit.', 'Voluptatib rem salut sunt qua aeque et.', 'Sunt etiam nos inmortis quae abistra quae, numquam quos si utus pareat quod ut.', '2020-07-27T19:00:37.000Z', '2020-08-08T07:32:11.000Z', 'Ac non mihi iis dolem in paravi, in sed legendi facim omnium satiabillum.', '2020-05-05T04:10:15.000Z', 'Ad itassenec perici dicerati vitam non.', '2020-09-13T21:08:48.000Z', 'Se persecunt atilius nostra quo detractis vis, foris optionem solidie cum vitae at.', 'Interea scientiamque affere quisquam p.', '2020-08-08T08:07:50.000Z', '2020-07-07T06:55:52.000Z', '{"Natura":"Quam dixitas quae"}', '{"Apsa":"Rerum diligamic ter"}', 'f', '2020-01-13T12:21:32.000Z', '2020-09-21T20:33:45.000Z', DEFAULT, '2020-07-27T06:57:15.000Z', DEFAULT, DEFAULT, '2020-11-15T10:11:52.000Z', DEFAULT, DEFAULT, '2020-03-27T02:30:32.000Z', DEFAULT, '2020-11-07T22:24:41.000Z', DEFAULT, '2020-01-25T00:36:45.000Z', DEFAULT), ('d31cf19e-99ab-57d0-8661-be713305e36b', '5d426cb9-1f9a-59f5-96b5-9a7ba54a9cf3', 'Illa indus exquis se ideria gere veliturus terea.', 'Itis in unt certatibus rer laudat mihi, et quietae maledicit ego ipsa quasi poetis.', 'Musicur non et nec error.', 'Ocerati ea brute quicquam male malum frui endiscedit, er monita quam laborum e.', '2020-05-09T04:51:20.000Z', '2020-07-19T06:32:03.000Z', 'Concessiones ulant omos gravissimum aliquidae quam quaerimo.', '2020-07-11T18:19:13.000Z', 'A fruentemporro meliorem anest scriber posset quod, hoc familloquer iam bene foderenim morborum.', '2020-08-08T08:01:46.000Z', 'Quietus verbis id medeam me hominemus plus.', 'Etiam didicur torum anim incur quid consolet.', '2020-05-01T04:36:38.000Z', '2020-09-21T20:48:53.000Z', '{"Quodsi":"Ad retin"}', '{"Causam":"Ut anteponis liber"}', 'f', '2020-03-03T02:38:52.000Z', '2020-03-23T03:03:40.000Z', DEFAULT, '2020-09-09T20:45:19.000Z', DEFAULT, DEFAULT, '2020-06-02T06:07:50.000Z', DEFAULT, DEFAULT, '2020-12-16T11:24:46.000Z', DEFAULT, '2020-10-18T22:07:05.000Z', DEFAULT, '2020-01-05T12:09:52.000Z', DEFAULT), ('88a196fe-a60f-5006-ace3-e1f8f8a77ca0', 'e090e545-e118-5a7b-9de6-41e087526dbe', 'Propterae philos ad docti molestico ab spe, magis legamicor quod aliendis propterae qui fuit propriusque.', 'Tem voluptas quae quibus sed et nihile.', 'De esse in l inquam disseruerin nec, modum inum ullus aut honest vix anime sempericur.', 'Reperenim verborum quo anum maxim, comparte si homin ine ratio metu virtutem ea.', '2020-04-08T04:06:52.000Z', '2020-08-12T07:31:33.000Z', 'Volueret de consentit lat sequimur, ante hoc patria incidundum non.', '2020-12-08T12:04:22.000Z', 'Legerret quae solid eque ut convincerte, rationi doctrina plura de desere declinamic.', '2020-10-10T10:01:36.000Z', 'Libidone et concuris abil paren aut, monstruosi verbis per bene libiditis.', 'De nec expetennii as tant referit de dicam, ex vitamican superano pugnantiumve es legit gloriae certe.', '2020-02-02T13:39:14.000Z', '2020-11-19T10:37:55.000Z', '{"Quae":"Mundi loco"}', '{"Desid":"Voluptate nam"}', 'f', '2020-10-18T09:24:41.000Z', '2020-09-05T20:31:44.000Z', DEFAULT, '2020-07-27T06:51:53.000Z', DEFAULT, DEFAULT, '2020-03-07T02:44:03.000Z', DEFAULT, DEFAULT, '2020-06-10T05:26:08.000Z', DEFAULT, '2020-02-18T01:40:47.000Z', DEFAULT, '2020-01-25T00:10:33.000Z', DEFAULT), ('2fb8405c-1948-536f-b0b3-0dc2c2037eaa', '93bb0f73-f2f4-558f-a4a6-ed93030ce1b2', 'Ponate iucunda si quem non er.', 'Am voluptat si epicura quibus et autem sophoc.', 'Il issimosop in potioresse iucunde summam.', 'Quem probab consequuntur et instituam nihil a fecis, il litter etur institut hoc secut diis quoniam.', '2020-10-18T10:08:22.000Z', '2020-10-14T21:16:48.000Z', 'Quibus en reddidis bent eum.', '2020-09-17T21:04:54.000Z', 'Explicabor satis consiliis ratio gravis leviustit certam a.', '2020-05-05T16:17:56.000Z', 'Et audivere et elissimum ipsos careat.', 'Ab partestibus quidnam litatibus utrius possunt.', '2020-09-17T20:20:24.000Z', '2020-01-17T12:35:14.000Z', '{"Posse":"Vim eo"}', '{"Entur":"Fortitudit en"}', 't', '2020-01-17T13:03:40.000Z', '2020-10-22T09:29:59.000Z', DEFAULT, '2020-11-19T22:37:13.000Z', DEFAULT, DEFAULT, '2020-08-24T07:19:59.000Z', DEFAULT, DEFAULT, '2020-09-01T20:34:34.000Z', DEFAULT, '2020-04-08T03:27:49.000Z', DEFAULT, '2020-06-02T05:44:52.000Z', DEFAULT), ('42326bd5-5925-5990-b726-ccd356edf148', 'dd09c553-cb6e-522b-8622-56e26e869b81', 'Dici propter ad possit im.', 'Quam numquamquam ius ut cum si eriorem, it nec audiri delecto voluptatem bent rebus.', 'Et cognitiones abhorum sensibus invendiscor esse desis si, quorum afferebit repeli magnisi ea.', 'Indus suscipes et metu inquit id falli.', '2020-11-03T10:54:05.000Z', '2020-06-26T05:36:46.000Z', 'Igamus in qui dicitat atum defen gravis reiciente, quidem simum ad quidem non dolorum non ipsos.', '2020-10-26T21:45:39.000Z', 'Ata inpendente eturreret beatus nam, est de res pluribus es init dolordiamur sapientia.', '2020-01-25T00:15:55.000Z', 'Veriusque quod sicomni appellant sed, quoque manilloque aequit ine meis nec malore.', 'Aliosi facitur a non si inem expetuisti.', '2020-08-28T19:47:39.000Z', '2020-09-17T08:26:41.000Z', '{"Profectamen":"Hoc am"}', '{"Sequam":"Quia ete omnisi"}', 't', '2020-10-18T09:16:17.000Z', '2020-04-16T15:30:10.000Z', DEFAULT, '2020-08-16T19:36:58.000Z', DEFAULT, DEFAULT, '2020-12-20T11:11:19.000Z', DEFAULT, DEFAULT, '2020-02-02T01:58:21.000Z', DEFAULT, '2020-03-23T15:05:18.000Z', DEFAULT, '2020-12-20T23:33:21.000Z', DEFAULT), ('a1186689-c9a8-518c-a41d-83a505635c9b', 'e16e10aa-7763-556b-84b0-e3176e41f7f3', 'Audeam beatusab nam inqueretiam si est in quam.', 'Ea sit segnitionum nacti avis.', 'Sed facere ad postulanus multo finxeratio noctes, anim ipsumma romanimo nec possum epicium ad.', 'Fieri sunt et simi contendisput inamus.', '2020-01-21T00:40:33.000Z', '2020-03-19T02:16:04.000Z', 'Esse ut careat qui in quod non.', '2020-04-20T03:43:39.000Z', 'Splendore igent qui quidem synephebos cognominquit ne.', '2020-08-28T19:52:47.000Z', 'Causam et tam probesse nostrum sit quae tempora.', 'Tem quod enime ex diligitar crucianturma sicut alientes.', '2020-11-23T10:11:32.000Z', '2020-04-20T03:43:45.000Z', '{"Quietusdam":"Indus etiamsi"}', '{"Delicium":"Paene ego"}', 't', '2020-02-06T01:40:43.000Z', '2020-07-19T06:36:22.000Z', DEFAULT, '2020-10-14T09:55:15.000Z', DEFAULT, DEFAULT, '2020-02-22T13:33:52.000Z', DEFAULT, DEFAULT, '2020-08-12T19:29:41.000Z', DEFAULT, '2020-04-16T15:44:58.000Z', DEFAULT, '2020-05-09T16:52:02.000Z', DEFAULT), ('02d56547-669a-5fb6-83a1-a2430757f2a3', '8fd0ed26-448d-5738-9a36-42408e7a0245', 'Ut cordia sic ipsa moderudit nobis fatenimit.', 'Saepe nihillo confecerat en voluptatum nollem, discipavis quod autem ut referiam en confecere quid.', 'Reprehent praeclaret tamens nihil si maximo aut.', 'Saepe aut plura quo andum et, aut inter putanim perfruique vidis humant.', '2020-11-03T22:57:07.000Z', '2020-09-25T08:57:42.000Z', 'Doloribus ultatis vivenimum et ipsam semperanim, polit dolorem putattico inculte per.', '2020-05-25T04:54:38.000Z', 'Quidem placate quae potest sic ulis quidem.', '2020-11-23T22:44:31.000Z', 'Are sunt geniisque dolor sus perfunctio quibus et, alii hoc torquate cum se cupiderat.', 'Moveat falsi est corporro autem voluptates.', '2020-02-10T01:37:09.000Z', '2020-07-11T06:06:03.000Z', '{"Rerum":"Inentur dixit"}', '{"Aeque":"Quod adhibenim"}', 't', '2020-05-17T16:19:53.000Z', '2020-02-22T01:43:32.000Z', DEFAULT, '2020-03-11T15:00:33.000Z', DEFAULT, DEFAULT, '2020-02-02T13:07:19.000Z', DEFAULT, DEFAULT, '2020-01-09T00:56:04.000Z', DEFAULT, '2020-02-18T01:40:06.000Z', DEFAULT, '2020-10-22T10:00:38.000Z', DEFAULT), ('4190758f-ee98-5035-bf13-17ebde781e53', 'c6aea4b4-02de-5912-9ce2-689808628b2c', 'Scientia is quam hoc quae, sint qui bene quodsi finis in sine.', 'Unt es a sit modo, mereri se curri voluptatur natum feramicit cum.', 'Qui utrumque me ponitias probam otistunae mortempora.', 'Ipsa caecatque labitem libererri quae, amicium essarium suapte vulgo non cognitionem placeat ruant.', '2020-08-08T19:34:51.000Z', '2020-01-09T01:02:15.000Z', 'Modis crudelis ut expectamen sed persius dixi.', '2020-05-13T16:19:14.000Z', 'Atione finit aut aliquidem fieri tam at quidem, admodo sic magna omnescius dolore nisi.', '2020-01-17T00:39:40.000Z', 'Quapropter saepe et nam cuius aut fieri fore.', 'Nihile quo apuditia nullam ad dissidiari huic, et quae cum et iucunt.', '2020-05-09T05:02:59.000Z', '2020-09-01T08:29:41.000Z', '{"Inquit":"Quodsi aliquaque qui"}', '{"Itur":"Mihi multos quos"}', 'f', '2020-04-28T15:36:19.000Z', '2020-09-09T20:57:54.000Z', DEFAULT, '2020-11-03T22:56:18.000Z', DEFAULT, DEFAULT, '2020-09-09T08:18:52.000Z', DEFAULT, DEFAULT, '2020-12-08T11:54:07.000Z', DEFAULT, '2020-04-12T03:03:32.000Z', DEFAULT, '2020-08-16T19:19:15.000Z', DEFAULT), ('eaf29cfb-9f57-5c12-9a31-fb4867cfe4ce', '4d9cab4d-30b9-59f0-80a2-3266dc7f6888', 'Intemerit videtiam instructus ine quod quidem.', 'Ut consecutam geomet mel accusatum, et comprobis ipuit supplicab pluribus referatio nisi.', 'Caderae vis conscientia maximistis ob.', 'Ratio uberunde efficit habeo es magnitudin referet etiam.', '2020-10-10T21:36:18.000Z', '2020-01-21T12:17:14.000Z', 'Veniungimur endi tuo primum afferanim si cum contum, prompta ut nis naturae qui quodsi video possimae.', '2020-10-18T09:28:10.000Z', 'Dolorem sit sequunturbul endas quod debiti quae, est quae in scribenda am dolorata.', '2020-05-13T16:20:24.000Z', 'Ut possum dicerere dictum non ea exigitat qui, caderudin nec lique ad omni.', 'Odia pericartem esse saepe vel, d neque igendi patet imad vel male infinis.', '2020-01-17T00:13:41.000Z', '2020-11-15T22:23:53.000Z', '{"Possit":"Velitur quaerendum"}', '{"Philosophia":"Perdidere quae velin"}', 't', '2020-09-17T20:39:02.000Z', '2020-10-14T09:59:05.000Z', DEFAULT, '2020-05-13T04:17:15.000Z', DEFAULT, DEFAULT, '2020-02-02T01:16:52.000Z', DEFAULT, DEFAULT, '2020-06-02T05:21:13.000Z', DEFAULT, '2020-12-28T23:35:14.000Z', DEFAULT, '2020-08-28T07:30:53.000Z', DEFAULT), ('346991df-4cf4-5b45-970e-c78fae888be5', '68b8e1de-309f-53c1-904f-0e8c01a882cb', 'Dissent firmatur qui frui iudicura, ut possunt aeque praesendare potius neque.', 'Sint praeter non quae vel, certae entur de omita placeat perpetenim.', 'Affeci ex multos sit placeat fautrica ido.', 'Manenderig exit poenisque non epicitas.', '2020-12-08T12:00:59.000Z', '2020-07-15T18:26:38.000Z', 'Putavercen hoc nobis sua dicunt, iliae afranius vita vel potest il.', '2020-02-22T14:03:21.000Z', 'Falso non voluitatem medium certe omor se ipsa, nec censet facil dis ur tem quam.', '2020-10-26T21:34:28.000Z', 'Scriptum cohaerest dictur et parab.', 'Atum pleris neglegangus defatione cum.', '2020-07-27T06:48:58.000Z', '2020-09-09T08:15:01.000Z', '{"Et":"Nulli quod inest"}', '{"Probestum":"Inem fruenda tamentempor"}', 't', '2020-01-09T12:23:06.000Z', '2020-06-14T05:30:16.000Z', DEFAULT, '2020-07-11T06:19:56.000Z', DEFAULT, DEFAULT, '2020-06-10T17:45:00.000Z', DEFAULT, DEFAULT, '2020-08-16T07:28:56.000Z', DEFAULT, '2020-08-16T07:47:28.000Z', DEFAULT, '2020-03-11T02:13:43.000Z', DEFAULT), ('c9816624-8522-5c36-b6ed-b6ce1f70bdb6', '21525c74-2c0e-507f-b4a2-a69fbcaa6b2a', 'Fieri tua quidem eriam idendum esse id, oribus voluptas perpetiuntur alios et.', 'Divelem petultime alit videre in tuo autem vero.', 'Quam at facian dici sermo ea.', 'Amus utionis aliquidem nam cupid non fugiam voluptatum, orem iucunt enim habeat esse voluptatum quid numquam.', '2020-11-11T22:57:01.000Z', '2020-07-15T06:56:41.000Z', 'Ex laudab legenim et natur.', '2020-01-21T00:33:40.000Z', 'At summum modum tur nostrum vix inorteat sic, fortitudin benivi tibiquem a recte efficitur abunt voluptatem.', '2020-05-01T16:36:38.000Z', 'Summam confecerab causambigua deinde cogit ut, et incurrunt semperanim laboribus quid.', 'Omnisi si ere molest quod his magisci.', '2020-11-15T11:01:44.000Z', '2020-11-11T23:03:32.000Z', '{"Ideratqui":"Maxime legatio legentur"}', '{"Modum":"Tuemur insipiente dominflammat"}', 'f', '2020-11-27T22:33:10.000Z', '2020-11-11T23:01:34.000Z', DEFAULT, '2020-03-07T02:48:50.000Z', DEFAULT, DEFAULT, '2020-03-23T14:49:48.000Z', DEFAULT, DEFAULT, '2020-08-20T07:18:10.000Z', DEFAULT, '2020-04-16T15:16:05.000Z', DEFAULT, '2020-01-01T12:52:26.000Z', DEFAULT), ('fd47802d-6916-54e4-9e26-eee21faf6840', '06f273b0-82a5-59d1-a121-86b3ebb80ed8', 'Romandae dictum sic quibus consola ipsummam endarum nullo.', 'Autem falsis si graecis sed expetua.', 'Quod si conspiration tamus tum molest motu diligit, quidem vetuitator paulo putanimus dirignavia tam sunt.', 'Graeci gloriaturo est dolori physiciscuntur in, quam eos vidittamen hunc uti autem.', '2020-02-10T01:29:29.000Z', '2020-11-15T10:21:12.000Z', 'Divid meminteris quas qui romanit.', '2020-11-27T22:34:12.000Z', 'Mihi omnis pluribus male ad quod il, est docenda insiduitat iden et dolere iudiciora quos.', '2020-10-06T09:38:20.000Z', 'Alter voluptas id ant esse tam, potesset loquerunde sua praesent iucuna voluptatem epicit albucius.', 'Contra uto si ate tentiae voluptate.', '2020-02-06T01:17:31.000Z', '2020-05-01T16:31:51.000Z', '{"Tur":"Ea luciliter"}', '{"Il":"Et nec"}', 't', '2020-02-22T13:36:47.000Z', '2020-01-13T13:01:44.000Z', DEFAULT, '2020-03-19T14:51:36.000Z', DEFAULT, DEFAULT, '2020-05-01T04:31:17.000Z', DEFAULT, DEFAULT, '2020-10-22T21:40:42.000Z', DEFAULT, '2020-11-15T10:25:51.000Z', DEFAULT, '2020-10-10T22:06:50.000Z', DEFAULT), ('f0bfbe97-17d4-5016-aced-ae25f5bfbd7e', '940f51a9-3d3b-5b20-bf4e-fce2c05f2cb6', 'De fuisse te non dicatibus epicra parendum.', 'Sua secut cum continax potere corpore memin.', 'Et contur endi licitus in quae matum es.', 'Defenda me quidem te arum quorum rem.', '2020-10-26T21:24:48.000Z', '2020-08-28T19:31:27.000Z', 'Primum domo se eaque dolortum aliquem ineratis videt, timum robusque ab anim a videam.', '2020-06-10T05:45:14.000Z', 'Epicta quem in est provocatus, incidia docui insipientiam tum laudem ad multite.', '2020-01-09T12:56:18.000Z', 'A endae quia fieri quidem et, facta et iucunt potes es.', 'Es inorum aeque de antia quam non, ea tum ipsa est habem.', '2020-07-19T06:19:14.000Z', '2020-02-18T13:08:45.000Z', '{"Horum":"Tota propter"}', '{"Oris":"Quae atemus"}', 't', '2020-05-21T17:00:37.000Z', '2020-05-09T16:59:43.000Z', DEFAULT, '2020-09-01T20:43:26.000Z', DEFAULT, DEFAULT, '2020-07-19T06:21:41.000Z', DEFAULT, DEFAULT, '2020-10-02T21:10:39.000Z', DEFAULT, '2020-11-23T10:45:06.000Z', DEFAULT, '2020-11-23T10:36:35.000Z', DEFAULT), ('a84b7bf9-71c2-5dbb-9eea-ab987a8c4276', '211b6964-5ce9-5db8-95db-b2f8e6994486', 'In esse oblivionem quorum vel.', 'Quaerenimi nisi epicur horrentur nobis numquam ore.', 'Anciplina eum a est defendum fieri ne.', 'Difficiant delicta aut diceriunt melius non ut, cere saepe habentur ilius repelego ula romant inas.', '2020-06-22T05:08:44.000Z', '2020-12-16T23:38:31.000Z', 'Libere vita et quam proptereantur phaedrum magnisi, falsi labori quod de nat cyrenaicosar sum.', '2020-12-08T11:13:20.000Z', 'Brevi illa potione eas de tam solum est, non reque esse et synephebos non.', '2020-01-01T00:14:49.000Z', 'Quia secur nostrum et noratomnia natur existi, quidem consule et possit de necesse genus.', 'Si collegim maxim ad putartemper elabuntur tervalla.', '2020-04-12T03:46:04.000Z', '2020-10-06T09:47:05.000Z', '{"Se":"Es undit qui"}', '{"Non":"Estiam atque"}', 't', '2020-10-18T09:46:06.000Z', '2020-12-28T11:54:55.000Z', DEFAULT, '2020-10-26T09:58:42.000Z', DEFAULT, DEFAULT, '2020-12-16T11:59:58.000Z', DEFAULT, DEFAULT, '2020-05-13T16:55:50.000Z', DEFAULT, '2020-12-12T11:34:16.000Z', DEFAULT, '2020-03-15T02:19:43.000Z', DEFAULT), ('65d2083f-ab43-50a2-80bd-b088dc850dc9', 'f54272cf-8e66-5b11-86d8-3485f2455ade', 'Sentite alii sapiendam qui tuum reper quaeque.', 'Nisi et nis itur dicero de multamenda.', 'Osoporib quoniam quid minus enda relique non, graeco arridensa anim ut sibi.', 'Ferre et probari ab leviustit ad bonoratem.', '2020-05-09T04:31:46.000Z', '2020-09-21T20:33:37.000Z', 'Tamque intellegan eum vero cum omnino qui appellant, utrumque modo alique ab adoperit hominas.', '2020-01-25T12:15:06.000Z', 'Et ullus utramur res locus magnumerit a non.', '2020-01-13T00:48:41.000Z', 'Aut rerumque cenda et stoici.', 'Ab res nacti romandiscor quam non tamendum privamici.', '2020-01-09T12:27:38.000Z', '2020-01-17T12:16:07.000Z', '{"Nec":"T se inem"}', '{"Tam":"Potes dicent"}', 't', '2020-12-24T23:20:29.000Z', '2020-08-04T19:40:51.000Z', DEFAULT, '2020-12-28T12:11:21.000Z', DEFAULT, DEFAULT, '2020-01-01T12:15:59.000Z', DEFAULT, DEFAULT, '2020-09-25T08:50:21.000Z', DEFAULT, '2020-03-07T15:04:27.000Z', DEFAULT, '2020-10-22T09:33:50.000Z', DEFAULT), ('ef43cd40-9d1c-58bc-a063-c2f8cf91e419', 'ed49a436-e26c-5032-ad95-cd44059e7161', 'Brute discipit antur quae torestiam quod, non de antiam virtutibus util etiam expetu.', 'Suavit eius eos utrumvis et commodum.', 'Voluptatem aret etudo tamendisser ut doloris si.', 'Inum constituendas quas nat praesid cupid.', '2020-10-18T21:30:23.000Z', '2020-09-09T20:11:59.000Z', 'Summum pernaturov quo bonorteat quae nostrum, aliam consuetud qui effugiendis autem possunt melius.', '2020-01-09T12:15:45.000Z', 'Medium omni endae a graecum.', '2020-05-05T16:40:04.000Z', 'Claristi fere triarium de disputanim virtute fidem et.', 'Intelleger artifexplen dolorem dicuntat provin docenim nullam quo, finis graecis doleam sine dicamordiam enderepic.', '2020-01-21T00:42:31.000Z', '2020-08-20T07:12:13.000Z', '{"Subtilius":"Et iucunde"}', '{"Dissenectan":"Leganimus aeque sint"}', 't', '2020-11-03T22:17:58.000Z', '2020-05-09T04:54:00.000Z', DEFAULT, '2020-11-07T23:02:32.000Z', DEFAULT, DEFAULT, '2020-12-16T11:48:33.000Z', DEFAULT, DEFAULT, '2020-11-15T10:17:14.000Z', DEFAULT, '2020-03-11T14:46:13.000Z', DEFAULT, '2020-01-01T12:00:00.000Z', DEFAULT), ('ba4d1608-3c6f-5bac-a0c1-32b981d9bd11', 'bbed9b1b-5b6a-5382-bdaf-1d5492b6736e', 'Situm gloriosis vult titiamus ancipit es melius se.', 'Malum sed cumbere parta honest voluptate philos permagnumer.', 'Atest et institut saepe albucius diligiter manu.', 'Inibus praesenim modus potestia quam sin.', '2020-04-08T03:39:36.000Z', '2020-10-18T21:27:49.000Z', 'It ipsi ob lat homintemper et omnibus et.', '2020-12-28T23:49:33.000Z', 'Et mihi magisfacien ari quisquam saepe iudicia ut.', '2020-06-02T05:22:30.000Z', 'Hoc quod non opinquam dolor.', 'Est litterendo etiam quia plentur aut praeseritur, ili neque viti te torum a his.', '2020-12-28T23:26:15.000Z', '2020-05-01T05:05:04.000Z', '{"Te":"Mortis sine"}', '{"Voluptatum":"Etiam sum metu"}', 'f', '2020-08-24T20:01:48.000Z', '2020-03-27T14:35:32.000Z', DEFAULT, '2020-11-15T10:30:10.000Z', DEFAULT, DEFAULT, '2020-12-04T11:37:24.000Z', DEFAULT, DEFAULT, '2020-12-16T23:26:53.000Z', DEFAULT, '2020-07-15T18:19:10.000Z', DEFAULT, '2020-07-07T06:33:15.000Z', DEFAULT), ('8c8cca02-6069-52bc-9afc-4d0dcd9ccadc', '30c9b8f8-a28a-5a97-9493-04516661e756', 'Inum molest ime perior morte parvos minus rer.', 'Atur melius inessensio consensum causae quos iam.', 'Consilia fecis tam consulatio vivendi, sunt tantoperat habendum es orum quapropter essarium.', 'De sim placebata quae saxumque.', '2020-07-15T18:08:20.000Z', '2020-02-18T13:38:49.000Z', 'Illime modum nec quod propter valet conferam, totamicit epicab aequi est solem eius.', '2020-08-16T07:12:23.000Z', 'Earum e diligit affere si vitamus plerum.', '2020-09-13T20:56:26.000Z', 'Autem et feci me omnescio huius quae ulatem, quod idintemner laturnitiae praeda cendi altertio magis.', 'Satisque vitae omum se quae, dolorem iucunt remotis uto exaudiebam.', '2020-11-03T22:33:28.000Z', '2020-10-02T10:05:25.000Z', '{"Et":"Placeat foris"}', '{"Dissensermo":"In meis ratione"}', 'f', '2020-04-12T03:51:18.000Z', '2020-05-25T16:35:24.000Z', DEFAULT, '2020-10-06T21:48:21.000Z', DEFAULT, DEFAULT, '2020-05-01T16:06:55.000Z', DEFAULT, DEFAULT, '2020-07-23T18:44:14.000Z', DEFAULT, '2020-09-21T20:16:16.000Z', DEFAULT, '2020-09-25T08:26:00.000Z', DEFAULT), ('1af0b9db-e2a9-5bc4-819c-b252dda85b42', '2e24f2ac-ae73-5253-a72a-8e170247e1d4', 'Esse homintegris tractavit talem quae et crederius rerum, esse alitatom dicebit rerum persequi et.', 'Scientia namen in minim inanimpet.', 'Quidamicur bona probatem voluptate ait fruuntur artemperner te.', 'Posset in sed voluptatis et quam quaerendunt este, physicis efficia coniunculpa antibiquem physicistimum untate.', '2020-12-04T23:32:44.000Z', '2020-12-28T12:03:04.000Z', 'Ea illud voluptates memorum nulla tranquilli in, sunt malum quo dolorest est quam.', '2020-04-12T15:29:53.000Z', 'Ipsa quidem concessio paren quamquamquam ilitassid ilius a, sed de adhuc vivendo autem est am quod.', '2020-05-09T04:52:36.000Z', 'Et quis exeamque de esse gloriae cn adhibentur, dictum ere sent semper abhorum.', 'Infinibus peterita qui omnia estiam init essariam.', '2020-11-23T22:58:44.000Z', '2020-05-25T04:21:25.000Z', '{"Natura":"Prohibus quae eo"}', '{"De":"Propter hoc lucil"}', 'f', '2020-03-27T02:08:44.000Z', '2020-08-08T19:08:52.000Z', DEFAULT, '2020-08-08T20:05:44.000Z', DEFAULT, DEFAULT, '2020-12-08T23:28:01.000Z', DEFAULT, DEFAULT, '2020-05-17T16:16:52.000Z', DEFAULT, '2020-10-18T21:45:39.000Z', DEFAULT, '2020-10-26T21:25:51.000Z', DEFAULT);
INSERT INTO public.profiles (id,email,full_name,avatar_url,phone_number,timezone,notification_preferences,created_at,updated_at) VALUES ('77c9d566-e121-58ef-a5e5-863169d2f9e5', 'Scribenimper torquatus quadamoris molest est um.', 'Falso si summa cum etur ini fore, debiturban sit scaevola aut quae theseo.', 'https://avatars.githubusercontent.com/u/50054274', 'Videt si gloriae neminvidia facet quosque nulla ne, recte tibi etiam logikh quasi quod ernatur e.', DEFAULT, DEFAULT, DEFAULT, DEFAULT), ('f1e01cf3-f24e-5650-bae4-057026117a86', 'Cordia delectutes apsa quoque studium.', 'Praetere constituendas graece et omnium osophiae mutante, vitam ut suo doloris retinfinib.', 'https://avatars.githubusercontent.com/u/82073664', 'Ipsius non il splendore suis ea, viderimum aut dolorum natura enim aut exis.', DEFAULT, DEFAULT, DEFAULT, DEFAULT), ('2ef12891-0701-57e3-87b3-397caba2e13f', 'Non malum inum iucunum memoribus, magnus et essentior est exmultos.', 'Conspiratio non iustius honor una.', 'https://avatars.githubusercontent.com/u/79395702', 'Et perveniri ne libenimpet verbis putatione leviorem.', DEFAULT, DEFAULT, DEFAULT, DEFAULT), ('761df49d-ef64-579f-91c6-9ea042c30305', 'Il virtute rudem de referudin cognomintel vivere.', 'Eius is miraret accusamic modo.', 'https://avatars.githubusercontent.com/u/30903292', 'Nec ipid cum omni nis fortunamic pleriquidem, et cum quibus ita voluptas vetuitatur.', DEFAULT, DEFAULT, DEFAULT, DEFAULT), ('9b8a4901-1c37-53fc-ad14-99ad32bfc398', 'Tamenim et nec reperque momentant.', 'Cum im finit delicura nec minus iudicur, animprobar viam solendi quae eorum.', 'https://avatars.githubusercontent.com/u/89362477', 'Ad otis natur sed praetere ut, partitiam eorum legita sicultime manu paria numquam.', DEFAULT, DEFAULT, DEFAULT, DEFAULT), ('b92367c2-6388-5942-851e-996df4426abf', 'Non vindicundum sua ad fastidii et esse monerunt.', 'Tem autem exeret orest reiciendus autem oderrore, pulchraeque habet sic voluptat sint.', 'https://avatars.githubusercontent.com/u/80884353', 'Doloribus aut siculla deinde quaerendus quod.', DEFAULT, DEFAULT, DEFAULT, DEFAULT), ('0cfd493b-0596-5a4c-abd2-51f7ee29268b', 'Torum nihilloque sentiri nam naturus.', 'Quis qui video sis iuria, quo istotum non confirmavit est quid nullo.', 'https://avatars.githubusercontent.com/u/21951319', 'Hic malordation si qui confirmittat popultimum vitium plane, sane contineret semper etiam ad.', DEFAULT, DEFAULT, DEFAULT, DEFAULT), ('5ee48a59-20a2-51c0-830f-20b99794097b', 'Petendum intus est nullam non.', 'Unde ab efficerit sero ab eum in.', 'https://avatars.githubusercontent.com/u/14742706', 'Liberamus contineant extremum magnus de potientia quo, assecut sentio ut eos albucius quae qui laborestias.', DEFAULT, DEFAULT, DEFAULT, DEFAULT), ('99ac0b31-7f6f-5c23-a405-8258947fb994', 'Frustra adiunt as dolore inem omnes simamus tamendas, quosdam dixitaque brevis motum animus quietem il principere.', 'Et quidem fortibiqui alteris facillare quorum, disserenda quasi aut sint civiturus.', 'https://avatars.githubusercontent.com/u/7502912', 'Hoc utili etur causa qui esse in quia, utrum putatum sive repet fortit privatest repere.', DEFAULT, DEFAULT, DEFAULT, DEFAULT), ('48aa8c1c-6d2f-5fcd-9dd9-26e43e24495a', 'Sit cupiderri certatem voluptatis calere, atum constringener apsa levamicem paulo in sit patiat.', 'Vero possunt bene se satis, sint qui a unum res quidnam.', 'https://avatars.githubusercontent.com/u/70463476', 'Nostris qua infinit hac voluptatem.', DEFAULT, DEFAULT, DEFAULT, DEFAULT), ('60dc80a3-dd35-5d0e-8e1b-66ffb00f8c49', 'Ut haben magnumquam ipsos aliquo il ipsa.', 'Rudem scientia ipsa non tuentur non nihillis.', 'https://avatars.githubusercontent.com/u/9269970', 'Hones gendos aegritat quia es cum quamquam nihil.', DEFAULT, DEFAULT, DEFAULT, DEFAULT), ('7e7ff857-b766-5a77-b33e-afaba8b0ee83', 'Contum semelli et sedit sequentis viventur.', 'Plus de prospexit inter nostro.', 'https://avatars.githubusercontent.com/u/37934078', 'Etiam dictas desperum his possumma atas et, quae rem angusti id nec scribime accusante finibus.', DEFAULT, DEFAULT, DEFAULT, DEFAULT), ('5d426cb9-1f9a-59f5-96b5-9a7ba54a9cf3', 'In beateque non et videamus ratione se, it vult corrupte quaeso laborest quod quietus aut.', 'Laus prorsuscipiat etur cum vivati modo ad.', 'https://avatars.githubusercontent.com/u/22257254', 'Confidel incia minationes quae a exquirenti et.', DEFAULT, DEFAULT, DEFAULT, DEFAULT), ('e090e545-e118-5a7b-9de6-41e087526dbe', 'Nihil ob tibus et per, si quid theophrasti aperipsa partes.', 'Accomprobar habereret ab recus e contemus quia.', 'https://avatars.githubusercontent.com/u/2728283', 'Eli negantiam et litteris quae nullam, hostis sicomnisi legimo id autemur ut.', DEFAULT, DEFAULT, DEFAULT, DEFAULT), ('93bb0f73-f2f4-558f-a4a6-ed93030ce1b2', 'Horum se tam et ius andro.', 'Uto sive maxim explicabduc ponatio, quas iderat esse tueri ne ini re.', 'https://avatars.githubusercontent.com/u/24740117', 'Maloribus rationem et entum nec horribilium.', DEFAULT, DEFAULT, DEFAULT, DEFAULT), ('dd09c553-cb6e-522b-8622-56e26e869b81', 'Vias dolor quod expetenter optimi voluptas, sapientium sed etent quae est iudiculen.', 'Ipsi malin sit quidem in huc aegritudin.', 'https://avatars.githubusercontent.com/u/85493415', 'Fortunt im studium etria pariuntque firme.', DEFAULT, DEFAULT, DEFAULT, DEFAULT), ('e16e10aa-7763-556b-84b0-e3176e41f7f3', 'Formidant potit praeteret expeten integris esse nostra.', 'Numquam vita sit hanc eritation me nunc.', 'https://avatars.githubusercontent.com/u/22723133', 'Praesidem pertineret ex confidem hoc sunt autem numerudo, cum oratis ut quibus omnes tera vicin.', DEFAULT, DEFAULT, DEFAULT, DEFAULT), ('8fd0ed26-448d-5738-9a36-42408e7a0245', 'Non in lineam esset epicosop, ipsa ex praeda iudexceper nihilla atio ne ipsi.', 'Putatomni ido legendum etiam dolorarmat nihil scaevolumque quod, diciterit sic endit fabulatur malum graecistamen credo etendas.', 'https://avatars.githubusercontent.com/u/89275002', 'Res manus omnesque certa quod necest antis are, es libid quia fugiendi ne maxim ad haec.', DEFAULT, DEFAULT, DEFAULT, DEFAULT), ('c6aea4b4-02de-5912-9ce2-689808628b2c', 'Platonem chaere et ert desidere arum tem si, tuum estiae andae ideret is proptera quae.', 'Non epicorem confecerea laudant laetit dissentantam aperga quosdam.', 'https://avatars.githubusercontent.com/u/98650936', 'Graeci ut municurnum nam adipsa conet saepti unt, putanus haec pernatur pondendum esse legamputem.', DEFAULT, DEFAULT, DEFAULT, DEFAULT), ('4d9cab4d-30b9-59f0-80a2-3266dc7f6888', 'Vitae nis brute priveniet maximus afferatum.', 'Consequerun meo mi satistimid vim quoque quam odioque.', 'https://avatars.githubusercontent.com/u/89441425', 'Quidem philosopin et esse ne nullam aut.', DEFAULT, DEFAULT, DEFAULT, DEFAULT), ('68b8e1de-309f-53c1-904f-0e8c01a882cb', 'Parum ut quidamici desid modo volupere.', 'Aegriti fabultatum natur splendidicur qua.', 'https://avatars.githubusercontent.com/u/66923533', 'Quid nostris autem vestrae in.', DEFAULT, DEFAULT, DEFAULT, DEFAULT), ('21525c74-2c0e-507f-b4a2-a69fbcaa6b2a', 'Possitum lucille voluptatos alia quantum.', 'Illum ut sint rationest es.', 'https://avatars.githubusercontent.com/u/70522957', 'Vocet virtutum eisque aut nondum eor, quo quibusdam offendimur pernatur reperierun.', DEFAULT, DEFAULT, DEFAULT, DEFAULT), ('06f273b0-82a5-59d1-a121-86b3ebb80ed8', 'Et sed sancirco potes quia sapiendum, curat de dam ut rutille.', 'Il iguamur ut possit sint quibus.', 'https://avatars.githubusercontent.com/u/17864880', 'Am iudicuri ei rogartifex placeat acri profectare aut.', DEFAULT, DEFAULT, DEFAULT, DEFAULT), ('940f51a9-3d3b-5b20-bf4e-fce2c05f2cb6', 'Accedit eturalter sit quisquam etur cum, et nostris litter scribergo antiquit.', 'Illo per interrogar iudicium abo errore ad.', 'https://avatars.githubusercontent.com/u/80173415', 'Epiculat feratione quod ut his.', DEFAULT, DEFAULT, DEFAULT, DEFAULT), ('211b6964-5ce9-5db8-95db-b2f8e6994486', 'Infingitur scripta verius hones quae si, quid eptrice uti igendi maiorem.', 'Maledicit principi copiosissim sit maluisti.', 'https://avatars.githubusercontent.com/u/79592599', 'Certa electo ex ens et hosti dicent, adipsi etur videant et rectas permulto dicata endi.', DEFAULT, DEFAULT, DEFAULT, DEFAULT), ('f54272cf-8e66-5b11-86d8-3485f2455ade', 'Ear osoptimar suum doleamus doctrinis tur sine, sicomnisi philositur neque utio contra ipso labornatur.', 'Doler fatenimi utili vacuit dolordinem esque, igitatum rebus sum quam temperfecit.', 'https://avatars.githubusercontent.com/u/31894252', 'Inum eaque tur legant sentientium meis tum parvos.', DEFAULT, DEFAULT, DEFAULT, DEFAULT), ('ed49a436-e26c-5032-ad95-cd44059e7161', 'Res animo sequaturnum affirmater eorum non.', 'Sine et ales minus quam ne.', 'https://avatars.githubusercontent.com/u/42530706', 'Vult magna respirarte quod res aptius homerudin.', DEFAULT, DEFAULT, DEFAULT, DEFAULT), ('bbed9b1b-5b6a-5382-bdaf-1d5492b6736e', 'Are quoniam cumque sapiendarum tota tament, etur cumque ilis satis a iliterret et.', 'Cum quisquis corpore nobissimae sin dolor, efficiunction dicere dicit ipsa essariae quae.', 'https://avatars.githubusercontent.com/u/15309873', 'De sit et bene cum, explena amicit quid libere idin.', DEFAULT, DEFAULT, DEFAULT, DEFAULT), ('30c9b8f8-a28a-5a97-9493-04516661e756', 'Consoleat maxim quos itiamus et significur tentiae de.', 'Am consequuntur dolor quosque tritantiquis autem sentiri, libere everror fama eo dicere.', 'https://avatars.githubusercontent.com/u/28971124', 'Modum poster de eliae est motum ab cum, democtavit et dolorem ut dictur ad non.', DEFAULT, DEFAULT, DEFAULT, DEFAULT), ('2e24f2ac-ae73-5253-a72a-8e170247e1d4', 'Manusdam si metu eo recte, ipsi propter neglexere eventi idertim inem.', 'Asper poetis ant efflorest quibus etur est haec.', 'https://avatars.githubusercontent.com/u/62871356', 'Debilesse video mei mediocritea aliosum ad expetentum, malivole necessarum quae nec et motumque am.', DEFAULT, DEFAULT, DEFAULT, DEFAULT);
INSERT INTO public.groups (id,name,description,invite_code,created_by,created_at,updated_at) VALUES ('6fafd3c0-bf80-5e68-b2a8-7bdf95cc1755', 'Est ad pleriquarum natur desidem pectantalo indus.', 'Posse te nullam vel ates, rerum ad dolorumque tantum maxim dolorum minustator.', 'Ego et nullae faciliarit quod iudicur beatae.', '77c9d566-e121-58ef-a5e5-863169d2f9e5', DEFAULT, DEFAULT), ('31910e93-2cd2-5770-8e62-5388fe1f909b', 'Splendore se necessit nunc dolorum natur ex providitur.', 'Stoici quis has metu ophia has haec, voluptatem alique sed viver et liber consequimur morbi.', 'Ne facientes sed vidernumer chorus cumbere voluptat.', '761df49d-ef64-579f-91c6-9ea042c30305', DEFAULT, DEFAULT), ('e3959f4d-4d1f-5db2-aa05-3dd7afddca87', 'Quaerenim satis laboribus cum relique ea movetiamsi, eum divinum intellegi sit eaque ulitus fuissententus regionem.', 'Ab possunt omnia veri nulli enimus amenime dilignem.', 'Se firmat finibus a neque.', '0cfd493b-0596-5a4c-abd2-51f7ee29268b', DEFAULT, DEFAULT), ('21b269c5-526d-5e0f-a907-103495b247bd', 'Vitae cum recta et nec meliustitur egregulat horreant.', 'Primum aut natur non quapropter ipsam plus, quo ulis succum est aliquem quae.', 'Quietem aeque neglegime manus voluptate nec, mox alias se delectatem sed itatem vult.', '48aa8c1c-6d2f-5fcd-9dd9-26e43e24495a', DEFAULT, DEFAULT), ('fb412860-2495-5842-a1f5-73f4ed9d3fd9', 'Abduce am posse est mortis etur.', 'Dolorem quae fieri maximita ego, inentur itiae ocensa aut quisquam.', 'Ens quid rerum collegi alii nam quae, pulchraeque etiam ea poteristim quam ad aut.', '5d426cb9-1f9a-59f5-96b5-9a7ba54a9cf3', DEFAULT, DEFAULT), ('1d387bfb-4864-5c63-81a7-9aa3fcc109ee', 'Praesendam non voluptatem individit paulo qui dubitur graecisse, quod genus cum consequatur ne cumantes docetur.', 'Et ferri omni sentenuit quo etura nota fingi.', 'Ab aut ariste deorsus linata inis, est etur hoc regione et.', 'dd09c553-cb6e-522b-8622-56e26e869b81', DEFAULT, DEFAULT), ('6880ba19-380b-5253-9f74-87f10b92c56f', 'In honesse caecatque consequentium hominis legi, quo ipsa indivin es exquisquam rem eo corrumque.', 'Rerum ignavia scriptorquatos dente ire convindicam, etudint ceterror et novum lucifugnan cum.', 'Aremus praesent maxim memorem es autem.', 'c6aea4b4-02de-5912-9ce2-689808628b2c', DEFAULT, DEFAULT), ('386f8078-0c4b-5b9a-b2d5-b6e75d596fa9', 'Cotidque est convicia etiam vitamici nunc.', 'Philos civibusus quae qui ea, temportunt non probaris orata a quisque nesque.', 'Atur crudelis accedereat oremus ab quam, repertiman autem quod hoc idernum eadem.', '21525c74-2c0e-507f-b4a2-a69fbcaa6b2a', DEFAULT, DEFAULT), ('daca0f9d-833c-5be1-bbdf-c9dd6dcea50c', 'Spatio alii gymnasia motum nem si.', 'Clamatione cupid dolorum declinari voluptates se quod, an quis ab qui dolorit quod.', 'Sit epicura quam est fama ea, theseo soleaturam est carita et atione rent consilio.', '211b6964-5ce9-5db8-95db-b2f8e6994486', DEFAULT, DEFAULT), ('6725234e-9e54-5ac7-8577-0fbdce9bc340', 'Intellegen viam voluptasse sentiam motum.', 'Sublat ipsumus ut necest referit, cuiquam igitemus tam scriberab eo quadam.', 'Istunt privathenis ut anim num.', 'bbed9b1b-5b6a-5382-bdaf-1d5492b6736e', DEFAULT, DEFAULT);
INSERT INTO public.availability_requests (id,group_id,created_by,title,description,request_type,requested_date,start_time,end_time,location,is_urgent,is_recurring,recurring_pattern,status,created_at,updated_at) VALUES ('5ffdce40-f5ce-5344-8285-f4b1aa99ca38', '6fafd3c0-bf80-5e68-b2a8-7bdf95cc1755', 'f1e01cf3-f24e-5650-bae4-057026117a86', 'Et pernare possit concederet suo, perpetent ut sima hoc etur.', 'Melius quid sit probanimper fortite uti disputano, sapiendore moderea esset cura non maxim.', 'general_support', '2020-08-12', '20:09:43', '00:59:00', 'Iudicitas ocere am quodsi aut.', DEFAULT, DEFAULT, '{"Malum":"Igitos quae prorsuscipit"}', DEFAULT, DEFAULT, DEFAULT), ('5ce7bb0d-4a59-5c34-9051-3402fbe1ff88', '31910e93-2cd2-5770-8e62-5388fe1f909b', '9b8a4901-1c37-53fc-ad14-99ad32bfc398', 'Vituptas mihi volunt aiebatomnia in detracta quas, gauderitia te uti provocur numquam et.', 'Nihille os certis vel nobis ego quae.', 'social_visit', '2020-12-12', '05:13:09', '21:12:58', 'Quaerimi tibi referet et video nec, ate ne profectus ea impertinger nam.', DEFAULT, DEFAULT, '{"Nec":"Nec tentia"}', DEFAULT, DEFAULT, DEFAULT), ('e804a759-7de0-5cd8-a903-a4b926d7b278', 'e3959f4d-4d1f-5db2-aa05-3dd7afddca87', '5ee48a59-20a2-51c0-830f-20b99794097b', 'Erne boniscunt copulla si causa quid praeclare.', 'Ent volupere im posset accusant.', 'social_visit', '2020-06-02', '04:56:44', '09:59:37', 'Quorum non viderti illa relique, es sequamus nobis qui seditatem.', DEFAULT, DEFAULT, '{"Statimi":"Eo pauca quibus"}', DEFAULT, DEFAULT, DEFAULT), ('b253faa2-8b2b-5adc-bfae-2f26c5417715', '21b269c5-526d-5e0f-a907-103495b247bd', '60dc80a3-dd35-5d0e-8e1b-66ffb00f8c49', 'Conquisitur cotid voluptatem reliquid veneruniae dolorisse tenda interum, sumus am utamus atum epicur potes sint ad.', 'Possit nec nullo crudeli omnium hoc delendo cum, cum inprobam quasi et voluptatem.', 'social_visit', '2020-10-14', '00:13:46', '06:10:50', 'Ferre dicere numquam in potest est, ex evere et enimbutus cura.', DEFAULT, DEFAULT, '{"Inquam":"Es cumantur"}', DEFAULT, DEFAULT, DEFAULT), ('5f2d397e-87d9-5539-933c-914b4646cae1', 'fb412860-2495-5842-a1f5-73f4ed9d3fd9', 'e090e545-e118-5a7b-9de6-41e087526dbe', 'Arensibus autem iganimus alit iusque numquam alias.', 'Conscientia negat qui ne legenimi et haec.', 'childcare', '2020-10-18', '12:30:24', '13:15:56', 'Non et voluptate ea nostrum rebus ea, rationisse quae parte videtiam quis teresse quia.', DEFAULT, DEFAULT, '{"Centur":"Desid deniquid"}', DEFAULT, DEFAULT, DEFAULT), ('90b88144-4471-5cf0-a097-d535c9f05cf0', '1d387bfb-4864-5c63-81a7-9aa3fcc109ee', 'e16e10aa-7763-556b-84b0-e3176e41f7f3', 'Rationi itas nos neque paulum malum es, orat ut tam praebeat dolor hostis.', 'Explena dolore inpoterim ophistorquen inimo conficille desid.', 'transportation', '2020-10-14', '03:16:09', '20:05:25', 'Are levatistip chaere accedit ii audiebam quae.', DEFAULT, DEFAULT, '{"Eam":"Quicquam omni"}', DEFAULT, DEFAULT, DEFAULT), ('a57297c8-c405-57f7-84a7-44c596398b6e', '6880ba19-380b-5253-9f74-87f10b92c56f', '4d9cab4d-30b9-59f0-80a2-3266dc7f6888', 'Antium sed scribere modum es.', 'Sic quae graviora quibus quam providiter quos qui, si cum am autem nihilla praesentibus sunt locum.', 'event_help', '2020-03-07', '12:28:15', '03:33:22', 'Sed evendam inciderstit tanta ludusdam sapiens orum, dolore qua malum a iudicaris non.', DEFAULT, DEFAULT, '{"Ultimerar":"Non nostris"}', DEFAULT, DEFAULT, DEFAULT), ('c3c66060-88c4-5fd2-8756-31a452d5c689', '386f8078-0c4b-5b9a-b2d5-b6e75d596fa9', '06f273b0-82a5-59d1-a121-86b3ebb80ed8', 'Quam de neque ut quae dem nostras.', 'Potiendum vitam cum utilla redientia saepe, etur sin vivi delectare etur et ina disputatio.', 'transportation', '2020-07-19', '01:32:54', '14:45:36', 'Utio vidus inmente erarbitrat tem.', DEFAULT, DEFAULT, '{"His":"Minut cum ermitate"}', DEFAULT, DEFAULT, DEFAULT), ('2db7bef7-e269-5aae-b213-bc9ad39caf2a', 'daca0f9d-833c-5be1-bbdf-c9dd6dcea50c', 'f54272cf-8e66-5b11-86d8-3485f2455ade', 'Dis poena nec legent quae ini remotiose physicis, non amicur iudicorum ipsum omnino ac.', 'Es posse de leviustitud ex tranquilli.', 'emergency', '2020-12-20', '13:38:03', '11:38:18', 'Escenses est vivatem tem torem orem.', DEFAULT, DEFAULT, '{"Omnium":"Exorem adducunum"}', DEFAULT, DEFAULT, DEFAULT), ('61d2f211-3cf6-51f4-8f19-f4c436f1e411', '6725234e-9e54-5ac7-8577-0fbdce9bc340', '30c9b8f8-a28a-5a97-9493-04516661e756', 'Stabil atque omnium quandam et.', 'Potes aut omnescius sentitilis quales or, natur possunt constitut fuisse confirmam atur prohibus.', 'event_help', '2020-03-27', '04:50:11', '08:52:53', 'Amputo ani naturei et dixi are amicit.', DEFAULT, DEFAULT, '{"C":"Quod iberari"}', DEFAULT, DEFAULT, DEFAULT);
INSERT INTO public.request_messages (id,request_id,sender_id,message_text,created_at) VALUES ('16c2b3ae-e7d7-586d-a572-e73bd382b556', '5ffdce40-f5ce-5344-8285-f4b1aa99ca38', '2ef12891-0701-57e3-87b3-397caba2e13f', 'Non de ullam facillam tempernari parenimus idin.', DEFAULT), ('63e8fe94-16cb-5237-9611-1028c4fdb7d6', '5ce7bb0d-4a59-5c34-9051-3402fbe1ff88', 'b92367c2-6388-5942-851e-996df4426abf', 'Ipsius omosoptim parvos ime quod nostertio tum.', DEFAULT), ('7b65c133-822a-5591-a54a-c98b26eecb24', 'e804a759-7de0-5cd8-a903-a4b926d7b278', '99ac0b31-7f6f-5c23-a405-8258947fb994', 'In faciant sed egregios contra tur, permagnoper incur voluptat ipsa bonum consule voluptates.', DEFAULT), ('990116e9-908b-5c0b-ac56-2730be10d5d9', 'b253faa2-8b2b-5adc-bfae-2f26c5417715', '7e7ff857-b766-5a77-b33e-afaba8b0ee83', 'Ac audiri et currunt oribus dubit laudargumen, eadem causam refer opin leger aut voluptas non.', DEFAULT), ('aa882091-2b3e-5036-bff4-537daa0c93e9', '5f2d397e-87d9-5539-933c-914b4646cae1', '93bb0f73-f2f4-558f-a4a6-ed93030ce1b2', 'Tantum eas nostri ab insidiarit cur quod specie.', DEFAULT), ('0164c4f1-816b-50db-94d1-35b1d7d8e6e1', '90b88144-4471-5cf0-a097-d535c9f05cf0', '8fd0ed26-448d-5738-9a36-42408e7a0245', 'Tur prorsusciper de modo aut pleriquidem, expectamquam expetua laboremol quod nam in.', DEFAULT), ('da2f10ca-edef-503e-8380-cdb093378b7e', 'a57297c8-c405-57f7-84a7-44c596398b6e', '68b8e1de-309f-53c1-904f-0e8c01a882cb', 'Rata es fore causae et inanimus.', DEFAULT), ('58f0d9ea-0a05-5d6a-813c-168758350136', 'c3c66060-88c4-5fd2-8756-31a452d5c689', '940f51a9-3d3b-5b20-bf4e-fce2c05f2cb6', 'Quam evenda allevatque relique endere quo escendi, in quid contra angeren omni.', DEFAULT), ('82c3f0c2-ad2a-5ac1-ad63-062858653676', '2db7bef7-e269-5aae-b213-bc9ad39caf2a', 'ed49a436-e26c-5032-ad95-cd44059e7161', 'Quod hoc omnia sent eo apte moles, vitae il corporistim sensio est.', DEFAULT), ('4685c6b7-4166-55c3-8f53-ac211c7c5509', '61d2f211-3cf6-51f4-8f19-f4c436f1e411', '2e24f2ac-ae73-5253-a72a-8e170247e1d4', 'Facillustrib oculat chremest sed se discorruptis, est appellantur solum ego se epicit esse.', DEFAULT);
INSERT INTO auth.users (instance_id,id,aud,role,email,encrypted_password,email_confirmed_at,invited_at,confirmation_token,confirmation_sent_at,recovery_token,recovery_sent_at,email_change_token_new,email_change,email_change_sent_at,last_sign_in_at,raw_app_meta_data,raw_user_meta_data,is_super_admin,created_at,updated_at,phone,phone_confirmed_at,phone_change,phone_change_token,phone_change_sent_at,email_change_token_current,email_change_confirm_status,banned_until,reauthentication_token,reauthentication_sent_at,is_sso_user,deleted_at,is_anonymous) VALUES ('8ff1ce88-c1e2-58ff-9623-9c5c2259cd5a', 'c28a0aab-a828-52ad-aad6-e8956672f59d', 'Si sit doloremol tu dictum, tractatis commodo declinis recte voluperar moratem id defenim.', 'Principi quae il philos conclusum idem.', 'Foder sed interam cent nos.', 'De meque suspicornam quam aut, ipsam est praeteriter tanta il iudicetur.', '2020-02-10T01:24:56.000Z', '2020-03-23T14:49:41.000Z', 'Difficiuntque quid qua exeduntur sinitiae retin met.', '2020-09-21T09:11:44.000Z', 'Eum quia affecitat quam chaere is parvam.', '2020-10-14T10:09:49.000Z', 'Ad ilem legitiae cum voluptate.', 'Civitatio probationem minus nem conficiendi non iscuntur, propem is totelem ea probari ego mortalem.', '2020-01-05T00:09:17.000Z', '2020-08-12T19:43:25.000Z', '{"Ponitur":"Possit converum"}', '{"Contincto":"Rudem sed dicere"}', 'f', '2020-07-03T06:55:41.000Z', '2020-10-10T21:31:46.000Z', DEFAULT, '2020-10-02T10:09:09.000Z', DEFAULT, DEFAULT, '2020-04-08T04:04:18.000Z', DEFAULT, DEFAULT, '2020-03-27T03:03:02.000Z', DEFAULT, '2020-01-13T00:17:27.000Z', DEFAULT, '2020-06-26T05:54:00.000Z', DEFAULT), ('d485035a-ceb5-563d-832f-4ef0ecc88448', 'f74cb09f-75d8-558f-8f94-14b928aa49c7', 'Necesset dolorum confideten autem fortitudin ego sunt graecis.', 'Nihil exis laetet nihille ut.', 'Siniti videt solidentur est nominterror poena quo migrarero, non earum eum a omnino amur venis ego.', 'Ant inum extremo tum idque is, tant atomnia torqueantur multit hoc.', '2020-08-12T08:09:32.000Z', '2020-09-09T08:22:21.000Z', 'Quibus non voluptation vidis et romantium inquit incidant.', '2020-07-15T18:11:15.000Z', 'Maior eos sale quo graecis et.', '2020-04-16T03:18:24.000Z', 'Serent faciunt inquit as inesse.', 'Haec posset alios uti et iucunde, sum laudaret rerum vel quam theatro.', '2020-03-15T02:34:03.000Z', '2020-12-24T11:50:54.000Z', '{"Dicas":"Voluptas id"}', '{"Sent":"Efficera dictum"}', 't', '2020-05-05T16:10:29.000Z', '2020-02-02T02:04:39.000Z', DEFAULT, '2020-02-26T13:03:03.000Z', DEFAULT, DEFAULT, '2020-02-10T13:37:37.000Z', DEFAULT, DEFAULT, '2020-07-03T18:32:36.000Z', DEFAULT, '2020-09-25T20:15:24.000Z', DEFAULT, '2020-09-21T20:58:06.000Z', DEFAULT), ('7a0d44f9-c57f-59d7-87b3-4e9a0278f45b', 'ebc916d2-96eb-5f3d-8a3b-f5ec79b41210', 'Ne rectas vacuitur sine negantium.', 'Sapientiam tum ilia possentientis docti.', 'Essarium eorum hoc autem nisi torqueantur, efficerit tam illo summam praeterrore.', 'Possunt ex igitiis illa voluptatem, ant bona verearum quae quaedam.', '2020-09-25T20:43:57.000Z', '2020-04-20T15:45:09.000Z', 'Tu omnino metu voluitatum amicer voluptatum esse, inibus sensummum ob amare se ingeniis um.', '2020-04-12T03:35:07.000Z', 'Inum aut quis qui cognitionum ne ipsa, in difficii im vel nisi temere maloris quidemus.', '2020-06-26T17:17:46.000Z', 'Hominfinxer terveniri contra quaeque est.', 'Et consequerin alter bonore de satis versuum, atque capedicor ignem non de modo quidamurum pacto.', '2020-01-01T12:50:55.000Z', '2020-11-27T22:36:25.000Z', '{"Nihil":"It pondere"}', '{"Ab":"Beatamican maior"}', 'f', '2020-03-11T14:28:03.000Z', '2020-03-07T14:42:19.000Z', DEFAULT, '2020-04-08T15:52:10.000Z', DEFAULT, DEFAULT, '2020-01-25T12:13:06.000Z', DEFAULT, DEFAULT, '2020-06-26T17:36:39.000Z', DEFAULT, '2020-11-27T10:48:53.000Z', DEFAULT, '2020-09-17T08:18:04.000Z', DEFAULT), ('b9b89393-214d-50cc-a571-fff6e781f6a3', 'ccdfcd45-06a3-504c-acb7-5527e986ffa9', 'Illimis fit notae rationesse vivenda et, et quibus cn puerille lat.', 'Poetae placebatil adesceram parent vituptatis ilest theseo.', 'Etiam modo et providit et disputasper.', 'Contempus reliqui ea explicab is procedator esset, fuisse isfacilior utillum intuemura quid talibus voluptates etur.', '2020-09-05T20:30:13.000Z', '2020-01-09T12:34:31.000Z', 'Qui aris profecticiam fodere nunc.', '2020-02-26T01:38:36.000Z', 'Tale ab tantoperit quidam iactari.', '2020-11-07T10:32:50.000Z', 'Quem habeo logikh et corruptis necest amus expetendar.', 'Sunt si molest te sentiet.', '2020-09-21T09:00:11.000Z', '2020-02-14T01:57:23.000Z', '{"Nobis":"Alit melius si"}', '{"Caret":"Habet gloriatisse"}', 'f', '2020-08-16T07:55:51.000Z', '2020-01-25T00:28:50.000Z', DEFAULT, '2020-02-14T01:50:23.000Z', DEFAULT, DEFAULT, '2020-03-15T02:22:45.000Z', DEFAULT, DEFAULT, '2020-10-18T09:57:25.000Z', DEFAULT, '2020-03-11T14:11:44.000Z', DEFAULT, '2020-04-24T03:09:41.000Z', DEFAULT), ('0c2e6193-a54d-532a-8614-fbd919dcf968', 'da3ea896-9ba9-576a-a166-9f22b2c357d4', 'Aegritudian quae se alest nec hominibus saepti ilem.', 'Physicis ophorrespon ac itus eo nec.', 'Cum saepe es non dolordation tem possummum cum, metu odere hoc maior placeatur perpetendam.', 'Quid doloris utio voluptatem omne, ut rerum quaeritis albucius argumentur sic pertinere.', '2020-06-18T18:08:06.000Z', '2020-09-05T20:57:43.000Z', 'In quo defenimi ut gravis ula.', '2020-02-02T01:39:50.000Z', 'Nominum tori eamus ere de, contra sunt qui liberenti fugiendi avere.', '2020-02-02T01:16:04.000Z', 'Maximperan non infimum is solum praeclarantiq, iucuntatem ter dicantestib sine virtute autem laetam delectus.', 'Se quidem itaturo videat tum quid, primosam evoli modo cohaeresse anest.', '2020-05-09T17:00:18.000Z', '2020-10-14T10:08:04.000Z', '{"Et":"Quae epicosop"}', '{"Atibus":"Quidem quaedam partes"}', 't', '2020-08-20T19:32:57.000Z', '2020-04-20T04:00:53.000Z', DEFAULT, '2020-07-03T18:28:18.000Z', DEFAULT, DEFAULT, '2020-08-20T19:33:26.000Z', DEFAULT, DEFAULT, '2020-01-01T12:13:04.000Z', DEFAULT, '2020-12-16T12:01:15.000Z', DEFAULT, '2020-03-27T14:54:24.000Z', DEFAULT), ('ca476cfa-436c-5d4b-a70f-ecc4af11a27f', '9626dc1f-a24d-5105-8b08-42ad230f6b4b', 'Ibus interum sed id constringenus ut, cupid nissimiscun morbi displicabo in solvanturpius se.', 'Ne quae omnes init cupidinter modere atque.', 'Autem quam consumus eriunt quidemoder tam inter.', 'Ipse videt aut causa nec, ne provoctavis ac qui consecunias dixis tim.', '2020-11-07T10:35:58.000Z', '2020-08-28T19:44:03.000Z', 'Aegriterir nihilem in erinvitium nullam vero.', '2020-03-03T14:36:04.000Z', 'Ibus animi inum utinemus et paulo abillum dicere.', '2020-03-03T14:50:30.000Z', 'In possimi facta complexiones defenime falli, in contrari animi est omita affeci voluptatem possit.', 'Possit rebus dicensibi quoniam esse posse sane mediculo.', '2020-05-05T04:05:07.000Z', '2020-12-28T23:39:46.000Z', '{"Dolorest":"Sumere atomnium tibus"}', '{"Quid":"Benivolen praesenimum"}', 't', '2020-09-17T08:49:31.000Z', '2020-07-19T06:15:10.000Z', DEFAULT, '2020-02-26T01:10:31.000Z', DEFAULT, DEFAULT, '2020-01-25T12:16:23.000Z', DEFAULT, DEFAULT, '2020-08-08T19:36:29.000Z', DEFAULT, '2020-06-14T05:41:21.000Z', DEFAULT, '2020-03-23T14:15:33.000Z', DEFAULT), ('b2ccb029-06d8-5cf2-8170-8fe1f28af80b', 'd9ba6bc2-582d-5689-918b-79c624ad6626', 'Missimus praesid contentiae quae parta aut, curat est minus intervener tum traditur.', 'Probationis imus cum quae et legatissim liberibus.', 'Et a epicus satur lenittentiae ipsummissum in, viderror aturalien cyrenaicis audivolen currunt.', 'In secutrum epicem homerita accurri praeteret am natum.', '2020-08-20T19:32:08.000Z', '2020-09-25T08:21:34.000Z', 'Iudicit viam omnium dixi ea nam.', '2020-05-17T04:28:30.000Z', 'Quo quae et est enime, sine sit degeniet tum clariora chrysippe quibus.', '2020-11-27T22:49:42.000Z', 'Quidem pacto praeterire eum pacto audivi videraliq, litterrogat logikh omnes entibus cupid.', 'Dolore angoribus ita fortunam quia, dem ad atum est delectitud.', '2020-03-07T02:18:33.000Z', '2020-11-11T22:50:23.000Z', '{"Nemintuemur":"Commente omnia repermitat"}', '{"Meis":"Hoc fidelignem nullo"}', 't', '2020-01-17T00:48:51.000Z', '2020-04-28T03:18:08.000Z', DEFAULT, '2020-11-03T22:59:34.000Z', DEFAULT, DEFAULT, '2020-08-20T07:47:04.000Z', DEFAULT, DEFAULT, '2020-11-15T22:38:20.000Z', DEFAULT, '2020-08-20T08:11:39.000Z', DEFAULT, '2020-10-18T21:36:06.000Z', DEFAULT), ('f22753a3-5836-58a1-b051-c19ac603c247', '178341e2-46e9-560b-badb-4a0508330aa1', 'Triarius voluptatem eritiae explicet es petulatum sine ano.', 'Ipsummam esse quo omnia quis.', 'Aeque accomprehen deterum essariae iucunivol omnes ut, tractatem vertatesse is quae corpore et posse.', 'Praeda infinitat auditis neces se a poteraliam at.', '2020-12-08T23:38:59.000Z', '2020-03-15T14:57:07.000Z', 'Vituptatis doctior et linamatque est quid est cupidinquam.', '2020-11-11T10:11:13.000Z', 'Maximadop quae est etiam tribus est il.', '2020-06-22T17:28:05.000Z', 'P consequit qui patet semelabil dolorum, quaeque appellate nateque vos et mortempore am.', 'Cum seritia molest probars assidender, iucunturbam et adveritat quae sed abitasper est.', '2020-09-09T09:05:56.000Z', '2020-04-12T03:19:51.000Z', '{"Ac":"Aces iti continere"}', '{"Et":"Itum numquam nullae"}', 'f', '2020-04-08T16:02:26.000Z', '2020-08-24T07:13:13.000Z', DEFAULT, '2020-02-22T01:56:28.000Z', DEFAULT, DEFAULT, '2020-05-05T04:26:20.000Z', DEFAULT, DEFAULT, '2020-04-16T03:37:45.000Z', DEFAULT, '2020-07-23T18:55:47.000Z', DEFAULT, '2020-05-17T16:18:16.000Z', DEFAULT), ('de4e39fa-5ab3-56a5-8f6e-45d52acd70a9', '8c1afd1e-d55b-5643-b99c-baca57515fdf', 'Opus propterpretar sin ereaturi ut modus.', 'Inquitatis tranquillae legeret se expetet disserenim rerum aut.', 'Omnisi esto tamendisced voluptatem sed.', 'Moles et ent repugnantib nihil plusque, orates igitarbit te ophiae scriptori ipsam.', '2020-03-15T14:41:02.000Z', '2020-04-24T03:30:47.000Z', 'Inhaerer sapiendum evensionis summissimus illam utrumque, nobis quam stabilius suam sitatum omnium in.', '2020-09-25T08:32:18.000Z', 'Putat cum voluptatem sapiendamur naturus.', '2020-03-03T02:52:37.000Z', 'Et ratione inest philosoptab adiuvet ferationes quem est.', 'Sit venere augen aut quod.', '2020-03-19T14:27:50.000Z', '2020-09-05T21:02:22.000Z', '{"Ear":"Aren maiora et"}', '{"Aliens":"Voluptatis facio"}', 't', '2020-11-03T10:23:26.000Z', '2020-06-10T17:57:14.000Z', DEFAULT, '2020-11-07T10:15:00.000Z', DEFAULT, DEFAULT, '2020-06-14T17:14:26.000Z', DEFAULT, DEFAULT, '2020-10-02T21:28:50.000Z', DEFAULT, '2020-09-05T08:33:21.000Z', DEFAULT, '2020-10-26T21:13:30.000Z', DEFAULT), ('2f395e9f-ec8f-5fdf-bcee-2b52af20e9ad', '3537046b-2c0f-5ae0-9e14-f1783050ae30', 'Audire voluptatib metu ad cum patiendore quod sequimus.', 'Tota im hoc a quidem ac.', 'Eriorum a itia ernumquam tempore voluptate ob.', 'Us poris adophi quaeriterret desid, physicis et magnostro ut quam voluptas.', '2020-11-27T22:54:08.000Z', '2020-11-11T11:11:07.000Z', 'Ent et tur im qui maluisti ocritum.', '2020-04-12T03:39:46.000Z', 'Eturo seiungi volupere quod desperanim fore fit.', '2020-09-21T08:58:06.000Z', 'Theophrasti velingenus quamquam causamicat quodsi et sapiena, detracto quae aut iudicit contra mihi ere omnes.', 'Quibus plerique et severe quam graeci fidem temportare.', '2020-05-05T04:34:57.000Z', '2020-07-23T07:03:21.000Z', '{"Aliosae":"Carita epicosop nihilla"}', '{"Apudin":"Fieri cordia corpore"}', 't', '2020-06-26T17:16:58.000Z', '2020-10-06T09:35:33.000Z', DEFAULT, '2020-03-15T02:17:45.000Z', DEFAULT, DEFAULT, '2020-09-09T08:20:29.000Z', DEFAULT, DEFAULT, '2020-01-21T00:44:30.000Z', DEFAULT, '2020-09-13T08:12:52.000Z', DEFAULT, '2020-05-17T04:23:51.000Z', DEFAULT), ('a3cd44c6-da84-5341-8da5-098a9ff6329c', '3105c25d-bc1f-5eda-a1e4-280777bd246e', 'Falli ut voluptatem ut non quos ad scientia.', 'Nec esse sed quaeque ipse euripso, quae natur moribus voluptatis ere.', 'Sint epicurus leviora sic rerum.', 'Anium nec modo severcitat enim dolem.', '2020-11-19T10:58:19.000Z', '2020-02-18T13:52:40.000Z', 'Autem quos memin epicur albucius.', '2020-10-18T21:32:50.000Z', 'Corporis sit quae es plane sentiri.', '2020-05-01T05:06:07.000Z', 'Sensibus eos sophoc qui quantum fungimus facitisdem et.', 'Qui venire laborescer neque ad.', '2020-10-10T21:56:00.000Z', '2020-11-11T11:10:25.000Z', '{"Atomore":"Vero scribi"}', '{"Ilius":"Aliudicur interum"}', 't', '2020-07-03T06:53:28.000Z', '2020-02-14T01:14:44.000Z', DEFAULT, '2020-07-19T06:19:00.000Z', DEFAULT, DEFAULT, '2020-10-06T09:21:34.000Z', DEFAULT, DEFAULT, '2020-08-08T07:13:25.000Z', DEFAULT, '2020-06-26T06:02:52.000Z', DEFAULT, '2020-04-28T03:47:51.000Z', DEFAULT), ('6dd8ea06-fd1b-52f4-af09-2715afe828a2', '27852f97-dabd-5d08-bccc-8fb70e9b2d33', 'In quae adminus itis verum consoleatur.', 'Fugienae nivem aequum duci in illum.', 'Iri us a nostrum qui transferre abo inmenancil, ducunivol em ret nunc voluptasse omnium omnes inquit.', 'Legatem victi est rationisse venire, non sequando temperant vi pericari natur quae a.', '2020-06-10T05:55:02.000Z', '2020-10-10T09:48:19.000Z', 'Sensibusque virtutem bonumus neque quam divitiam de faceribus.', '2020-01-01T12:38:21.000Z', 'Reiciendore obligant in molest parte, commentitud ea ipsa et autem esse.', '2020-06-14T17:16:18.000Z', 'Dican ilit nec dubio andi ete.', 'E sit quid partitudin hoc numquid etenimis.', '2020-03-07T14:57:20.000Z', '2020-08-20T07:50:05.000Z', '{"Nec":"Qua consuetudin"}', '{"Noscernimis":"Monitat voluptatib"}', 't', '2020-05-25T04:40:39.000Z', '2020-04-16T03:27:51.000Z', DEFAULT, '2020-09-17T08:21:41.000Z', DEFAULT, DEFAULT, '2020-04-28T15:10:55.000Z', DEFAULT, DEFAULT, '2020-02-26T13:56:39.000Z', DEFAULT, '2020-09-01T08:57:24.000Z', DEFAULT, '2020-04-16T03:19:00.000Z', DEFAULT), ('94cca319-4777-56cf-9a3e-f927ef6647fe', 'ee86d007-6379-5d1f-b020-1337f93a42a3', 'Fugiat tum rationem ea malivola entur, contra litia aut quodsi consiliis si scribenimi sum.', 'Quibus mireritat ob volum sunt, aliquid qui es quidque aequi odioque fieri hominhuman.', 'Inveneret ari invita cum ne sit et pueri.', 'Id haec perii primis ut molestiae reliquamus, vestra quaerimpeten enimperan ratio aut philos.', '2020-02-18T13:37:18.000Z', '2020-09-21T20:27:20.000Z', 'Ere gravis est voluptatem velit, sunt minimiae malum iis ut recte.', '2020-04-04T15:53:17.000Z', 'Quae habeat facio loquuntur aut dein.', '2020-11-11T22:35:56.000Z', 'Physico telleganim praestabilius dem in.', 'Ere quae ut cumcisaque eo etiamque nisi am.', '2020-01-25T00:43:10.000Z', '2020-05-09T16:06:14.000Z', '{"Dissent":"Logikh ipso"}', '{"Amicitaq":"Etiam in"}', 'f', '2020-12-04T23:41:56.000Z', '2020-05-17T04:31:12.000Z', DEFAULT, '2020-07-03T18:18:30.000Z', DEFAULT, DEFAULT, '2020-05-17T04:16:16.000Z', DEFAULT, DEFAULT, '2020-04-08T15:47:52.000Z', DEFAULT, '2020-02-14T13:39:19.000Z', DEFAULT, '2020-12-04T12:06:03.000Z', DEFAULT), ('ce77ade1-dc6a-5f57-8635-02bd3c855e82', 'd5e67467-7234-50ae-9518-05f16679ef36', 'Stultoriae interamic apudinum reprehendi maxim omnisi, id tenebim ad intellegan aut torquatustus.', 'Ocerti numquam feci successio involuptas.', 'Erit plurimpetat quod iliae quoquo est pedire sit, panaeterror es signiferi factis sapiendisplic de lucillimis dicere.', 'Sit fabullius sapiendore de itatomnes quem quaeri neque, alterminor ini animperan epicta aut esse chorus.', '2020-12-20T11:49:25.000Z', '2020-01-17T00:48:59.000Z', 'Eritia memindustria esset e igitanim poetis multa afferri.', '2020-06-02T17:50:56.000Z', 'Quae sed et ipsam maximus nec appeten.', '2020-12-28T23:41:45.000Z', 'Suavita declinare esset quid posse quae intellegen, inmentit reque sed defent patrioque autem legi cupio.', 'Voluptatem stare quaeque dis vidia ationem nec.', '2020-12-04T11:47:38.000Z', '2020-07-15T19:10:13.000Z', '{"Eturus":"Copulis ad sale"}', '{"Plane":"Sapiente exeam quae"}', 't', '2020-07-15T18:45:23.000Z', '2020-01-17T00:40:56.000Z', DEFAULT, '2020-07-23T18:33:39.000Z', DEFAULT, DEFAULT, '2020-04-20T03:29:39.000Z', DEFAULT, DEFAULT, '2020-05-17T16:55:19.000Z', DEFAULT, '2020-10-22T09:35:48.000Z', DEFAULT, '2020-01-21T00:55:13.000Z', DEFAULT), ('472d844c-fcdf-541d-bd64-c62e9fbd052f', 'e4dcc6b9-e500-5f89-b7b2-72f4f4402b8a', 'Es exis fortunae de nihiliquam doloris nullas.', 'Esset qui vita contentiae se caderi id, te natur possit sit vitae concupid.', 'Quia utamicur es deteranim effictae ant seiunctum, gauderque voluptatem esse ob quibus ipsa.', 'Qui militatrum vero fidet d qui arendi.', '2020-02-06T01:07:02.000Z', '2020-10-22T21:22:45.000Z', 'Nihilesse nascunt mihi consequatur accedercit, inavi veterstituit aut probet gloriae ipsos.', '2020-05-21T04:34:10.000Z', 'In singulos verbis satis labore falso.', '2020-02-14T13:14:38.000Z', 'Natur obcaecilit solliciatis conveniret discipi et ilii tribuat.', 'Quicquam dixi nihili declinabes id.', '2020-09-21T20:57:10.000Z', '2020-10-10T09:51:55.000Z', '{"Perferre":"Melius illum is"}', '{"Plane":"Quid im voluptas"}', 'f', '2020-10-10T09:45:31.000Z', '2020-11-07T10:51:56.000Z', DEFAULT, '2020-09-25T08:49:32.000Z', DEFAULT, DEFAULT, '2020-09-13T21:11:01.000Z', DEFAULT, DEFAULT, '2020-07-27T18:49:47.000Z', DEFAULT, '2020-12-24T11:30:58.000Z', DEFAULT, '2020-12-08T11:16:29.000Z', DEFAULT), ('8d46d755-dd2a-5ad8-9036-cedfe2d8fe68', '848f6ee3-9413-510f-ac77-4f5e670a3ec2', 'Ent providitia et quae as feci recte, nam perventorquat et aret putantiam.', 'Ata fugientesque potiendam reque cum.', 'Tam te recte et acri, orat eo sine ut exedicar.', 'Sibus et sol inenimo atio dolorum splendidicur bene.', '2020-04-24T03:36:01.000Z', '2020-01-21T01:04:05.000Z', 'Necesse zenonium suam non regione veriustitio magni tamenimpen, nosque at ita nihiliarem perfungimus clamat id parab.', '2020-12-24T11:44:43.000Z', 'Hominitas sublatinfin tam ignorari numerinan, quid estia asperpaulo quae et.', '2020-05-05T17:04:54.000Z', 'Vendibiliq omnis dicenimum utrum sale etiam, morborum se aut repugi optinctio nateque hoc.', 'Et appetendos esse cum maior ilitatio.', '2020-04-08T15:51:28.000Z', '2020-07-23T06:40:52.000Z', '{"Quod":"Voluptate de est"}', '{"Ab":"Quibus bonor"}', 't', '2020-12-24T23:40:24.000Z', '2020-08-04T19:09:23.000Z', DEFAULT, '2020-07-27T19:06:55.000Z', DEFAULT, DEFAULT, '2020-11-19T22:26:03.000Z', DEFAULT, DEFAULT, '2020-08-08T07:46:03.000Z', DEFAULT, '2020-02-18T01:59:54.000Z', DEFAULT, '2020-09-05T20:44:40.000Z', DEFAULT), ('24513015-35bc-56d4-ace4-9a0cba62d326', '2d4ddc2a-ac9d-5c9c-9c1d-83534022cf25', 'Nam quae quocire quas inquam.', 'Necest diuturque sit nihilii maxime sive sectetur sent.', 'Us foder et non artibus.', 'Nec ii causa am quod qui it, elem continguantur quamquam nis quos.', '2020-03-23T02:19:37.000Z', '2020-05-09T04:17:39.000Z', 'Inclusae sent geomet inhaerere voluptas potioresse modi.', '2020-04-24T03:28:12.000Z', 'Cum vivenda te quaerenimpet maiorum recta tore, concludatur viam approbartib nec ei cum habuitur.', '2020-12-08T11:49:06.000Z', 'Ad magnoper declare vim et amus.', 'Ita maxim esse voluptatum ore, et sic quibus voluptatum mortis rescerte haec.', '2020-01-25T12:24:18.000Z', '2020-07-19T18:41:30.000Z', '{"Haec":"Inem sic"}', '{"Illum":"Fidelem is"}', 'f', '2020-06-06T05:17:12.000Z', '2020-10-18T21:49:50.000Z', DEFAULT, '2020-12-16T23:39:13.000Z', DEFAULT, DEFAULT, '2020-06-06T05:30:29.000Z', DEFAULT, DEFAULT, '2020-06-18T05:34:25.000Z', DEFAULT, '2020-10-10T21:48:39.000Z', DEFAULT, '2020-09-01T08:46:49.000Z', DEFAULT), ('ef3c7e5c-1496-5044-a63c-99f8635186f7', '609cc0c8-720a-5fd3-86e8-4a895f8468ef', 'Inquam corporis videamque licit inhumantiop futuri it maxime, fieri suo quam iudicus probescens.', 'Omnia in vel omni verius cum numquam si.', 'Quidem ratione in sum beate enterror.', 'Satista ocritudin natur quae quamquam probat.', '2020-10-06T21:25:04.000Z', '2020-12-08T23:15:54.000Z', 'Sunt bonisque velit moveaturae voluptate es torquatus.', '2020-01-05T00:37:01.000Z', 'Iuvare animi ceremus et qui alientia.', '2020-01-09T12:41:44.000Z', 'Diceritat sit fieri petiungimur autemus infinitat simus, entibus generosop qua et summum inat.', 'Non ferre hostem praesenim est, ut propos notae iam es omnis supplicab tum.', '2020-10-18T09:46:21.000Z', '2020-06-22T18:08:52.000Z', '{"Omnium":"Sint eo"}', '{"Totelego":"Graecum est magni"}', 'f', '2020-09-09T20:36:48.000Z', '2020-12-09T00:02:09.000Z', DEFAULT, '2020-10-22T09:23:34.000Z', DEFAULT, DEFAULT, '2020-11-11T22:30:48.000Z', DEFAULT, DEFAULT, '2020-02-22T01:50:52.000Z', DEFAULT, '2020-04-28T03:37:15.000Z', DEFAULT, '2020-09-25T08:52:06.000Z', DEFAULT), ('cee0da95-0b37-5ac1-8979-e0e2318ed985', '68d472da-5403-5070-a367-87168d594dfb', 'Proptere num probarbitram andae chrysippi ad famillum.', 'Praetoresse non videt aut an voluptas putare tare.', 'Amicur sit philostentia defentibus possimum est.', 'Petua ne quondam deniquid qui orarbitrer, vidus disputetiam inassecut dicet es imus tuo.', '2020-02-14T13:15:20.000Z', '2020-03-03T02:49:49.000Z', 'Nihilessen constituantur malum non potest.', '2020-06-06T05:50:11.000Z', 'Sine es non summum nihilesse.', '2020-08-08T08:05:58.000Z', 'Eram in quam non difficerri.', 'Dicent bestiae accusandi ut sine etiam iguamur, te vult sit rescerte magiscuntur graecis sit.', '2020-01-01T00:58:02.000Z', '2020-09-09T20:45:25.000Z', '{"Voluptates":"Tam omum"}', '{"Quam":"Corpus nisi nec"}', 't', '2020-11-19T10:19:59.000Z', '2020-01-09T00:40:14.000Z', DEFAULT, '2020-06-22T05:32:09.000Z', DEFAULT, DEFAULT, '2020-09-17T08:29:29.000Z', DEFAULT, DEFAULT, '2020-07-07T07:07:45.000Z', DEFAULT, '2020-02-02T14:02:47.000Z', DEFAULT, '2020-03-03T14:28:44.000Z', DEFAULT), ('dd4379df-dc6f-5c19-9fda-19e055ac464b', 'd7c834b0-5654-558e-900a-d6ba08fd8414', 'Credo dolore beateque in igitaque nominvestig cibo, sectetur maxime et neces doctis.', 'Aliquantur aequitatque possunt rerum admodo efficiat.', 'Et iudicisset eum tranquillae inmentico, puto bonorem non accedo nostrum et democcula as.', 'Tranquillae bene leguntur odio voluptate illo.', '2020-08-20T07:22:08.000Z', '2020-10-26T21:34:21.000Z', 'Eum it atibus nihillum est sine.', '2020-10-14T21:34:51.000Z', 'Clarorestiae obcaecilius in novi sequeret cum.', '2020-06-10T17:30:40.000Z', 'Mediocritus an severe quod missimplicat, ferre tu quaerationem possum at quas.', 'Dem laetita cumantiam sunt cum iditatque mortalem, en neque dubium vero me iudici omnes.', '2020-12-20T23:25:53.000Z', '2020-06-10T05:45:36.000Z', '{"Tempus":"Scribermiser qui adverterum"}', '{"Potest":"Rationemus esta enteristem"}', 'f', '2020-02-02T01:42:37.000Z', '2020-01-13T00:31:47.000Z', DEFAULT, '2020-11-15T10:19:55.000Z', DEFAULT, DEFAULT, '2020-10-14T21:46:02.000Z', DEFAULT, DEFAULT, '2020-12-04T23:58:36.000Z', DEFAULT, '2020-10-02T09:55:45.000Z', DEFAULT, '2020-10-14T21:34:38.000Z', DEFAULT), ('bb4650ba-75c5-5698-862e-aba736433385', 'df21c5fb-669d-5bad-969e-787507725ad1', 'Nam laudat et esse feratoran chaere quo epicet, scipio exis rerum profectatem quod virosophi.', 'Intellegum beata relignorat putarbitrer inest initia levam a.', 'Huic es iditurque et scriptorum doloratib ant, eriracces non ulatque si modo futur.', 'Et utramque qui igit itatque vivi praebeat, causa vel exquisit partus consequerun.', '2020-06-18T17:27:47.000Z', '2020-10-06T09:55:28.000Z', 'Afferre autem si paene ocritator illud convindictum, cum intera diceretur confecis nis mihi.', '2020-09-13T08:54:14.000Z', 'Cum albamur totam accessio ad rerum cum eadem, quadam dissentener sit quasi esse et sit.', '2020-01-21T00:18:45.000Z', 'Horribille modus en liciat andro.', 'Triarius voluptatem est dicta vias sentiunt ad dici, convero eos solut nisi possimus quaeratione.', '2020-06-22T17:17:29.000Z', '2020-02-10T13:40:18.000Z', '{"Nominas":"Et tranquillitter praeteri"}', '{"Postea":"De seiunctum quid"}', 'f', '2020-02-02T14:03:57.000Z', '2020-03-11T14:51:21.000Z', DEFAULT, '2020-07-15T18:21:03.000Z', DEFAULT, DEFAULT, '2020-08-12T20:04:31.000Z', DEFAULT, DEFAULT, '2020-06-18T05:14:16.000Z', DEFAULT, '2020-10-02T21:22:11.000Z', DEFAULT, '2020-12-25T00:00:47.000Z', DEFAULT), ('55205f10-92a4-54cd-88cb-d5be5316d647', '1193847c-88da-51a2-b8a1-4ea69822ecda', 'Expetendam hosti obiecta homint uti se exis et, medium dolorum ut meis ere diutur notione vero.', 'Nec ipsam quae qui quidem repelab nec arenimpet, deinde mediocrem ut delectus velitas iudicoris constitionem.', 'Aut malum quidem enda ut dolerstitut.', 'Ari ensa sit docui et, domus melius et quod litia.', '2020-12-08T11:59:01.000Z', '2020-08-24T07:47:29.000Z', 'Et nimus aut in qua causa.', '2020-07-23T18:30:57.000Z', 'Et atis iucuntur mirarum quidem esse sapiendam.', '2020-05-01T05:06:56.000Z', 'Philosophia in philos his efficillus non caelo nusquamquam.', 'E extremo abest effugientiam in cur facio esse.', '2020-04-12T15:52:42.000Z', '2020-10-02T21:52:43.000Z', '{"Aut":"Melius qui doctis"}', '{"Claudicate":"Milita famil"}', 'f', '2020-09-01T20:10:55.000Z', '2020-03-15T02:06:47.000Z', DEFAULT, '2020-10-22T21:16:28.000Z', DEFAULT, DEFAULT, '2020-01-05T12:51:42.000Z', DEFAULT, DEFAULT, '2020-04-08T03:13:09.000Z', DEFAULT, '2020-12-13T00:09:13.000Z', DEFAULT, '2020-07-23T06:20:07.000Z', DEFAULT), ('fa0099de-7e39-58b2-9618-b853fbc7b30f', 'ced0f721-8321-501b-90ae-9f8339bbaa04', 'Quodsi vult legendarum sapiens sed, ut aut de quidemoder dixi nobis ab.', 'Cogitione certe locissimae hae serenimus ignavia se rem.', 'Et num legi in sit voluptatem tempore contra, primis eam solamartis divin concorpus mel.', 'Gratis voluptatem deterque sed cognitiae inis iudexpeter, vita reque gloriatura ad quietae egangustar.', '2020-01-01T12:50:06.000Z', '2020-09-01T08:22:41.000Z', 'Vero utanim autem suapte utundus titudintel in, bonum utrumque et tamentur voluptatem ilius.', '2020-02-26T01:15:46.000Z', 'Distinguantur tam entissimplic inem in consecut illaborem, endam quidem in contra voluptates met.', '2020-10-26T21:27:36.000Z', 'Videm delicra in voluptatem ectutiora non quale.', 'Causa en ullus ad videat bonoribus rebus hoc, a ile anit multa id nam.', '2020-09-05T08:47:28.000Z', '2020-09-05T08:56:39.000Z', '{"Quaerim":"Possination privatque"}', '{"Commodo":"Acunt maliveret eum"}', 'f', '2020-11-11T22:40:14.000Z', '2020-10-18T09:43:40.000Z', DEFAULT, '2020-05-05T04:55:14.000Z', DEFAULT, DEFAULT, '2020-08-20T08:01:09.000Z', DEFAULT, DEFAULT, '2020-07-27T07:00:30.000Z', DEFAULT, '2020-01-17T12:23:00.000Z', DEFAULT, '2020-09-25T20:44:52.000Z', DEFAULT), ('97386bef-8867-5ef0-8f7c-781eb628e0f8', '4213d3fb-ac25-58e0-9bc2-0c9c7df7d3e1', 'Nis ut sed enimo vituptas quos oriis ei.', 'Esse modis confirmissim texit aut, se malinter voluptatem obcaecati si partes.', 'Orum iditation a fortitudin eam quae fabulas, adhaesione statuamus recus inciderip torquatosop non eganit.', 'Titiamque vetuit non iliora nobissimus vire a ant.', '2020-09-13T08:54:42.000Z', '2020-02-06T01:43:44.000Z', 'Sum esse perpaulo am ele iudicarum quisitus.', '2020-06-14T17:52:46.000Z', 'Maiorem sic tamquamquam firmat diciter, instructus id relique qui in.', '2020-10-18T21:36:13.000Z', 'Ilita praeserta vero reddidis afferre tranquilli et.', 'Disceram id theophrasti maiestatis propterae discedenim, dominumque putem ermisero ipsius inut multissimus aut.', '2020-02-14T02:03:06.000Z', '2020-04-04T03:59:13.000Z', '{"Apparte":"Nomintegris et sententiam"}', '{"Variisque":"Delecto imus"}', 'f', '2020-05-09T16:11:01.000Z', '2020-01-17T12:57:08.000Z', DEFAULT, '2020-07-03T06:32:23.000Z', DEFAULT, DEFAULT, '2020-05-01T04:30:27.000Z', DEFAULT, DEFAULT, '2020-10-14T09:13:11.000Z', DEFAULT, '2020-01-25T00:07:17.000Z', DEFAULT, '2020-04-24T16:04:06.000Z', DEFAULT), ('1d8d6ac7-babb-5864-9f67-8b0bcf32b997', 'ed4b4eec-28f5-5e28-9ff7-40874d96a6a3', 'Cupio senseritur quidem nam voluptatem tollunt.', 'Alitaque ophia sit et tranquillata, nullo is falsi at scientia vivat.', 'Linaris homin vituptatem sum ex, quidem quis inquit monitum torquatis alii doloranim.', 'Video efficiuntque putem peranimus beatae.', '2020-12-12T12:15:24.000Z', '2020-10-10T21:23:30.000Z', 'Ut vitae quam ari quod nec, summa corpus nulla chrysippo us qua ad.', '2020-03-27T15:02:06.000Z', 'Temporis eos dixis adesse equid si.', '2020-07-03T06:44:44.000Z', 'Et paulo viverius etur moderi indoctrina ulati.', 'Aut eo cum et a modo imastris potiora, praeclare eorum virtute es explicete quodsi.', '2020-02-06T01:05:45.000Z', '2020-05-21T16:13:12.000Z', '{"Eius":"Aut animo etendis"}', '{"Solit":"Repelego in"}', 'f', '2020-02-06T13:12:03.000Z', '2020-10-18T21:40:38.000Z', DEFAULT, '2020-03-27T14:54:32.000Z', DEFAULT, DEFAULT, '2020-09-13T20:42:35.000Z', DEFAULT, DEFAULT, '2020-07-23T18:37:01.000Z', DEFAULT, '2020-06-10T17:14:50.000Z', DEFAULT, '2020-10-02T21:54:49.000Z', DEFAULT), ('622542b6-cf8a-5297-9e05-f890f005ae4e', '6339c8d5-5538-5152-8ab0-22e9d8ec9ff2', 'Quem incur vel quoque qui, sit iucunde non illoqueret per autem.', 'Faciandae levior dis quos minuitatum ad fectus nacti, constitut quem idcirco quod in epta.', 'Vero recte tur idem sed, bene iti confirmatur perii et voluptate.', 'Videnimus magnisi accusation se praetere int solet, quidem et infimum et exquisita bonum hoc et.', '2020-01-25T00:15:47.000Z', '2020-01-01T00:09:34.000Z', 'Ut vel et non se malle expetatio potiora, maxim laetamicium phaedrum quod ficere.', '2020-12-24T23:38:47.000Z', 'Saturus tribus anim indus nihille non deseret ut.', '2020-11-27T23:01:36.000Z', 'Quaerit quod solum praeterum ne video in cotidit.', 'Modi omnescius sed a saperet in quas natur, huic valla quin deritartib non malis medium.', '2020-01-13T00:52:03.000Z', '2020-07-23T18:25:15.000Z', '{"Voluptatem":"Are id nostris"}', '{"Ile":"Diuturus ipso"}', 't', '2020-06-06T06:06:58.000Z', '2020-05-17T04:54:01.000Z', DEFAULT, '2020-12-24T11:28:45.000Z', DEFAULT, DEFAULT, '2020-07-11T06:34:23.000Z', DEFAULT, DEFAULT, '2020-02-14T02:01:49.000Z', DEFAULT, '2020-12-24T11:35:30.000Z', DEFAULT, '2020-03-15T14:53:59.000Z', DEFAULT), ('e398d8a6-058c-5391-8fce-e106580481f8', '4abc1416-afc7-5f6b-944b-36e7ad5b80e3', 'Ut minus et expetenim omne ars satur, exittamen etiam fortuno philosoptar esse estiae cum.', 'Tam videt a ideret postulet, magna sibi tandum quo doloremus am curati.', 'Quae omnis ex quam integre sequatur ea mutatomnis, et quo nota sanguinem nobisfacta a si maluisti.', 'Primum praeteret concorpore ex quam summum locus, cognitiones viveram possummo ilis clarorum.', '2020-04-12T03:31:51.000Z', '2020-01-17T12:07:23.000Z', 'Graeca omneminem posit dicavocar hones et inflammater nostri.', '2020-07-07T18:46:12.000Z', 'Aliae gravitura clamat facetiam et omnino male maiorestias, ad bonum modo alias conciliantur nulla homintelleg.', '2020-01-01T00:33:20.000Z', 'Talo delectate inclusiones omis omi quanto ipsa praesid, etiam solidenti ut etur democenim.', 'Anium ipsumus expleantur relique quod neque iis quidem.', '2020-02-18T01:10:16.000Z', '2020-05-13T16:42:11.000Z', '{"Solum":"Et vitam"}', '{"Esse":"Sed voluptas res"}', 'f', '2020-09-13T20:46:47.000Z', '2020-01-01T12:55:49.000Z', DEFAULT, '2020-05-25T05:05:28.000Z', DEFAULT, DEFAULT, '2020-04-24T03:44:17.000Z', DEFAULT, DEFAULT, '2020-07-27T18:12:02.000Z', DEFAULT, '2020-04-04T15:37:47.000Z', DEFAULT, '2020-02-22T13:53:12.000Z', DEFAULT), ('4e10aeff-e127-53cf-8d84-4265455382ff', '12e5623c-e9a4-5583-bb3a-791a187f3865', 'Non es modo satis conectica de, deorsusciplin erita ad dolorem physicis quis habet.', 'Cursu cur quid te distinac, iis et gaudeat inant ab ipsa graecis quae.', 'Et dicanimi contra igant et distinis firme.', 'Non cupid gravitatum dixerab m potest causa.', '2020-03-11T14:50:18.000Z', '2020-04-24T03:28:13.000Z', 'Statu ut adam tum quaeritatem at, multis in corporissim vivere et sunt.', '2020-08-08T19:39:52.000Z', 'Nollem consuetudo uberitat videat reprehendar am nostra.', '2020-12-04T23:47:39.000Z', 'Gerenda ob mihi satis graeca.', 'Quae nascuntur gravisti sed quod, in quo chremest vivent cere natur est.', '2020-02-02T13:45:46.000Z', '2020-02-02T01:12:20.000Z', '{"Am":"Et cum"}', '{"Hominibus":"Audit interrogar"}', 'f', '2020-02-02T01:29:27.000Z', '2020-01-21T12:30:38.000Z', DEFAULT, '2020-09-13T20:47:42.000Z', DEFAULT, DEFAULT, '2020-12-28T11:36:03.000Z', DEFAULT, DEFAULT, '2020-10-22T09:44:47.000Z', DEFAULT, '2020-03-03T02:07:59.000Z', DEFAULT, '2020-01-09T13:03:18.000Z', DEFAULT), ('dd0ed3e3-fc4f-5b82-9b6c-40c4795fa6a7', 'e33b06b2-4df5-543a-9b3b-f8fcaf943180', 'Is evenimum qui probam modo ut.', 'Exis et praesenti ipis homin quia, virtute sapiendum doctis vitam sentinax voluptatem.', 'Quis id tibi frustra etur expetendi sic.', 'Modum hari ratione theophrastus et dicendistin.', '2020-09-09T20:34:35.000Z', '2020-09-05T08:42:27.000Z', 'Ultim orum conteras cent aut.', '2020-11-07T22:33:25.000Z', 'Semeloquen ex beateque ea hoc ex deterem.', '2020-09-17T08:59:18.000Z', 'Sit igitia quo dolorum dicit.', 'Quid tantur recte at neglegi ille sumus.', '2020-05-01T04:38:02.000Z', '2020-04-28T03:17:41.000Z', '{"Rem":"Ordationes peranimo quin"}', '{"Parta":"Sunt ut non"}', 'f', '2020-04-12T03:18:56.000Z', '2020-12-08T11:48:17.000Z', DEFAULT, '2020-05-21T16:44:04.000Z', DEFAULT, DEFAULT, '2020-09-01T20:58:21.000Z', DEFAULT, DEFAULT, '2020-12-12T23:55:35.000Z', DEFAULT, '2020-08-08T19:25:39.000Z', DEFAULT, '2020-02-18T13:46:30.000Z', DEFAULT), ('a421e690-1db6-5c70-81fa-7b167c6ff707', '35fabf30-968b-5803-8443-77fed1566327', 'Cum expedalien eadem sunt numercitum et.', 'Es numererga bonorem laudat placetur stultorestiae.', 'Gravis ad spatio em detere sollicebam quidem.', 'Salutille utione ob ait se melius doloremus neque, tamenimal eaque malivi temperciplin platonis memoribus quod.', '2020-03-11T02:09:38.000Z', '2020-04-04T15:40:27.000Z', 'Hoc neque necesta cum triarium rationibus, ad itur nam allicam vero moles efficernum.', '2020-02-02T01:10:56.000Z', 'Es haec et tur bonardore ea dubit sed.', '2020-09-05T20:29:24.000Z', 'Etiam praetorest multo ut non verbi non e.', 'Facienus reiciatur ne legi mortale ut nos profectatib.', '2020-11-15T22:44:02.000Z', '2020-09-17T20:39:44.000Z', '{"Et":"Tento tua quidem"}', '{"Ob":"Cognostra minim"}', 'f', '2020-01-05T00:23:51.000Z', '2020-10-18T09:46:21.000Z', DEFAULT, '2020-07-03T07:00:13.000Z', DEFAULT, DEFAULT, '2020-07-23T18:21:53.000Z', DEFAULT, DEFAULT, '2020-08-28T07:27:16.000Z', DEFAULT, '2020-06-18T17:48:31.000Z', DEFAULT, '2020-01-05T12:32:56.000Z', DEFAULT);
INSERT INTO public.profiles (id,email,full_name,avatar_url,phone_number,timezone,notification_preferences,created_at,updated_at) VALUES ('c28a0aab-a828-52ad-aad6-e8956672f59d', 'Minus si hanc commodo nihillud, praetere dicere vero ineram ant summum fit quem.', 'Eri nomincomprob e numquam ocritudo recta quidem ii, quae optimidit il causa ine potius.', 'https://avatars.githubusercontent.com/u/91288904', 'De intelleger natum ea fieri, tranquillitter quae avocender per ut satis erudin scripta.', DEFAULT, DEFAULT, DEFAULT, DEFAULT), ('f74cb09f-75d8-558f-8f94-14b928aa49c7', 'Pensa it nam se ilo liberitas, time certae liberem non atasperan.', 'Dolorem falso sensio sapiena nec rerum probam.', 'https://avatars.githubusercontent.com/u/27619602', 'Corportunae si sumerque et quam quidem, compartus nullus aut es sensibi.', DEFAULT, DEFAULT, DEFAULT, DEFAULT), ('ebc916d2-96eb-5f3d-8a3b-f5ec79b41210', 'Sed causam quam iniucunum alter naturae.', 'Referenim identur sinit aut si, ut arbitration sempersius beateque atum eum.', 'https://avatars.githubusercontent.com/u/70553552', 'Si his tranquillitter malum etur praeclara ea.', DEFAULT, DEFAULT, DEFAULT, DEFAULT), ('ccdfcd45-06a3-504c-acb7-5527e986ffa9', 'Tamquam de ine eademus ad libid.', 'Cupidenim se tari cuius consequat, qui ne entibi intellegen nos neque et.', 'https://avatars.githubusercontent.com/u/99513069', 'Ut sint saepe quae estiae, quibus anime inclusae quod omnem et.', DEFAULT, DEFAULT, DEFAULT, DEFAULT), ('da3ea896-9ba9-576a-a166-9f22b2c357d4', 'Non eque dolorem puerosophia et videorum delectantum percipit.', 'Ferri cum autem et aliendisser.', 'https://avatars.githubusercontent.com/u/70705301', 'Bene successio moles ut angeren ad.', DEFAULT, DEFAULT, DEFAULT, DEFAULT), ('9626dc1f-a24d-5105-8b08-42ad230f6b4b', 'Qui exerum esse maximum viven quam undit admissummum, illa homin quae nec nominvester.', 'Quid malore quem es iudice itus.', 'https://avatars.githubusercontent.com/u/55438034', 'Scribercitus vel anim lucilla enim.', DEFAULT, DEFAULT, DEFAULT, DEFAULT), ('d9ba6bc2-582d-5689-918b-79c624ad6626', 'Natura nobisse est manus primum, est et nec endo sed se.', 'Summum viden quidem attulanium utrum repugiendis.', 'https://avatars.githubusercontent.com/u/65629535', 'Iudicem aequi sensuum consiliisque reque voluptatib praetero.', DEFAULT, DEFAULT, DEFAULT, DEFAULT), ('178341e2-46e9-560b-badb-4a0508330aa1', 'Corporis quam falli dolorem legantiqua inquam.', 'Omistota firmissimum venire omnemin sunt, reliquo um facta orum il suam.', 'https://avatars.githubusercontent.com/u/2153069', 'Nec ac amus est maiorem tamen quaestionem.', DEFAULT, DEFAULT, DEFAULT, DEFAULT), ('8c1afd1e-d55b-5643-b99c-baca57515fdf', 'Aut ducit est poetisti libris fama efficiat, omnes haec si vel autem minusu dolorem sit.', 'Beatae est se nam sine domes, nem tamen nos modisti iudicari est epicitum te.', 'https://avatars.githubusercontent.com/u/92904854', 'Dicunt quod de quae qui ad viderque novi.', DEFAULT, DEFAULT, DEFAULT, DEFAULT), ('3537046b-2c0f-5ae0-9e14-f1783050ae30', 'Quo doleam et cum et ratio, vacilla omnemo splendorum reprehent hoc versione deter suscipest.', 'Sine perfruique inut iucunum nullo.', 'https://avatars.githubusercontent.com/u/51550061', 'Es num ponatque minus quis, malum vivenimus expedition certe sic summumque tant.', DEFAULT, DEFAULT, DEFAULT, DEFAULT), ('3105c25d-bc1f-5eda-a1e4-280777bd246e', 'Quae untur numquam quodsi cibo autem omnium.', 'Alique copullo si inquam et.', 'https://avatars.githubusercontent.com/u/54660378', 'Cum quae docui referunt locus fugiatur, es ceperat et ipsi voluptatem aptior.', DEFAULT, DEFAULT, DEFAULT, DEFAULT), ('27852f97-dabd-5d08-bccc-8fb70e9b2d33', 'Libidero modus e tollitter res in doloribus.', 'Cetere natur audiebamus natur simo, aliendam quae autem contra difficitat si.', 'https://avatars.githubusercontent.com/u/49051183', 'Postulanim quae possunt summo peranes maximamic.', DEFAULT, DEFAULT, DEFAULT, DEFAULT), ('ee86d007-6379-5d1f-b020-1337f93a42a3', 'Et est labefficil constitut quod ipida faciantur.', 'Ineritur meque sint discenses inerisne.', 'https://avatars.githubusercontent.com/u/7245287', 'Inhaerer pervenanim quo torum ine etiam erea malum, vera laborem nam me opinquit.', DEFAULT, DEFAULT, DEFAULT, DEFAULT), ('d5e67467-7234-50ae-9518-05f16679ef36', 'Et eret facta sua patrius etur et iis.', 'Hoc voluptatem torqueantur cum et eadem.', 'https://avatars.githubusercontent.com/u/34966316', 'Esse pertur aut et epice nos polyaeno acutrumque.', DEFAULT, DEFAULT, DEFAULT, DEFAULT), ('e4dcc6b9-e500-5f89-b7b2-72f4f4402b8a', 'Ut pertinis maxim non et delectus, istimid probis vestrae afferrenov instituitat quid.', 'Ante a int potesse contra oporatio solet tibi.', 'https://avatars.githubusercontent.com/u/39868701', 'Ad fuissentiunt cant quosdam everunde solum sine exiganes, quid graece quod discenset re quae quo eosdem.', DEFAULT, DEFAULT, DEFAULT, DEFAULT), ('848f6ee3-9413-510f-ac77-4f5e670a3ec2', 'Qui voluptates quae quo si metrodorum non tament.', 'Si vero expetiuncta simum ne apudini tellegesse, dente si tamus int aliosis est.', 'https://avatars.githubusercontent.com/u/19698520', 'In pugnare epicitur liberiunt sermo quanta autem esse, natur eosdemocrit consequat quod ei ergo probaret.', DEFAULT, DEFAULT, DEFAULT, DEFAULT), ('2d4ddc2a-ac9d-5c9c-9c1d-83534022cf25', 'Ante aut certe nosmet te gerendisput quisquam versa, ari inate ea solvantur prorsus.', 'A ab exultimum et veniatura autem hoc, ere ne sit labore maledicit in e efficiat.', 'https://avatars.githubusercontent.com/u/13482461', 'Videam eos an etiam in quo.', DEFAULT, DEFAULT, DEFAULT, DEFAULT), ('609cc0c8-720a-5fd3-86e8-4a895f8468ef', 'Aut us est molest nimisse refere.', 'Investra natur in ponderum uti.', 'https://avatars.githubusercontent.com/u/91462551', 'Singulis maiora et sunt orestiae tur sentianus quae, ad publicitem multo moribus sinate bonum.', DEFAULT, DEFAULT, DEFAULT, DEFAULT), ('68d472da-5403-5070-a367-87168d594dfb', 'Nec dolorest inate voluptates cere apudinum nostrum, sibus sequeris omnisi invenire nis carere et.', 'Tantum corpore parta as etur cupid simo.', 'https://avatars.githubusercontent.com/u/66889322', 'Bonum imum incur am domest quem sic exis.', DEFAULT, DEFAULT, DEFAULT, DEFAULT), ('d7c834b0-5654-558e-900a-d6ba08fd8414', 'Odioque es videratis vivi estia possummo provocritum exulis.', 'Cere nostri abest ut sed enim docti, solet nos sentire nam quam hoc autemus rerum.', 'https://avatars.githubusercontent.com/u/46348572', 'Verum verbis facta quaeren extremum ilii enturbene perdido.', DEFAULT, DEFAULT, DEFAULT, DEFAULT), ('df21c5fb-669d-5bad-969e-787507725ad1', 'Certe summum ex titia est recte, torestiae cum commundi eret nihilita eadem.', 'Graecum itatomnem at inum scientia equos.', 'https://avatars.githubusercontent.com/u/71673323', 'In spe ut epicur esse.', DEFAULT, DEFAULT, DEFAULT, DEFAULT), ('1193847c-88da-51a2-b8a1-4ea69822ecda', 'Te vertera infinitat superi eas et, ferreum nam potesse incuratio pondenique voluptat maximpermul autem.', 'Ducimum firmatere qui inantia eas tumcum corporis.', 'https://avatars.githubusercontent.com/u/53115967', 'Ob quae mortem issimae primum tam si malum, posse suavitaque quodsi nec admisis.', DEFAULT, DEFAULT, DEFAULT, DEFAULT), ('ced0f721-8321-501b-90ae-9f8339bbaa04', 'Iudicula propter videam nobistima se etiam modo in, ne nisi sensibus manus voluptatis aut probatorus quodsi.', 'Inquit et quod ipsum desiderud sit cupid hortates, locate renturbene im plane quid variarem posiditaq im.', 'https://avatars.githubusercontent.com/u/93269597', 'Ut qui inmorte transferre infanti fonte.', DEFAULT, DEFAULT, DEFAULT, DEFAULT), ('4213d3fb-ac25-58e0-9bc2-0c9c7df7d3e1', 'Perpetuisse cum a non et, synephebosop omnino quo ut dicem poribus.', 'Inorest elego prospexitia mei epicura toriae ut.', 'https://avatars.githubusercontent.com/u/24626413', 'A es rebus de vestiganim convicti.', DEFAULT, DEFAULT, DEFAULT, DEFAULT), ('ed4b4eec-28f5-5e28-9ff7-40874d96a6a3', 'Nec omnino suum omiter provinistrar, romant quae voluptatib cupidque quoque es est vita.', 'Quibusus movet sapientiam expetiunction vide est.', 'https://avatars.githubusercontent.com/u/71382120', 'Videt et cuius perspici dictur, et voluptate ab neque scriben et.', DEFAULT, DEFAULT, DEFAULT, DEFAULT), ('6339c8d5-5538-5152-8ab0-22e9d8ec9ff2', 'Plus se perii alitatom inest.', 'Endi antiam unt autem voluptate, ne tantoperga in abo sine initia.', 'https://avatars.githubusercontent.com/u/46103938', 'Explicem quae per si censet quod hoc, ere et adiit est tentiam dixi nulla.', DEFAULT, DEFAULT, DEFAULT, DEFAULT), ('4abc1416-afc7-5f6b-944b-36e7ad5b80e3', 'Corporis non temperitis eritiam sed, et fortasse bona pernari quod sed.', 'Iudicis se ime desid sapientium.', 'https://avatars.githubusercontent.com/u/24735823', 'Supplicatur affectrice cupidem est suapte dixi est hominter.', DEFAULT, DEFAULT, DEFAULT, DEFAULT), ('12e5623c-e9a4-5583-bb3a-791a187f3865', 'Quod tua salut audiebamic ne alias.', 'Pertinctio a expedire in quod utate, ut consequatur bella ne fruuntur.', 'https://avatars.githubusercontent.com/u/46938977', 'Voluptate discorruptis gessis virtutesse potita latin cum temeria, brevi quo melius expetet quia ego.', DEFAULT, DEFAULT, DEFAULT, DEFAULT), ('e33b06b2-4df5-543a-9b3b-f8fcaf943180', 'Esse cognos a plus contra dolorare.', 'Ferreum aut vita fieri deducerta.', 'https://avatars.githubusercontent.com/u/82483330', 'Partes inum parvam ocritea ilitasque inter, et malle vide natur a.', DEFAULT, DEFAULT, DEFAULT, DEFAULT), ('35fabf30-968b-5803-8443-77fed1566327', 'Factissimae mihi non titudin voluptatem mollis rebusab, in pecunt aiebationem ferri concur.', 'Repelegan iam etiamsi careatur plurim anime.', 'https://avatars.githubusercontent.com/u/42186702', 'His nostrum dici mortis ea putatque cupidua efaccessio, hoc potius esse afranius etiamus non.', DEFAULT, DEFAULT, DEFAULT, DEFAULT);
INSERT INTO public.groups (id,name,description,invite_code,created_by,created_at,updated_at) VALUES ('af5fdb23-14a1-50e9-bf7c-45b88c58a0f3', 'Videat dicem non indivita hoc expeteris reprehendae.', 'Corportunae summum ad rebus sic invitae corrupte ut, quod opinem omum texit re ullus pectamendi.', 'Timaverir haec cur eo iucuniae veris.', 'c28a0aab-a828-52ad-aad6-e8956672f59d', DEFAULT, DEFAULT), ('5690c166-4d69-5531-8c54-7dbcd82cd339', 'Iliorem dis gravis meminter elego.', 'Praeda quia int rebus a ilium quid inquam, cernantium ant voluptas dixitum es nostrum acri nihillum.', 'Nisi nostris ob continere et, disputatrum mediocrium qui in maxime natur quo.', 'ccdfcd45-06a3-504c-acb7-5527e986ffa9', DEFAULT, DEFAULT), ('5978e26d-a6c9-5029-b1d5-e6dac43b89b0', 'Et arum severabo tamquam quibus beateque it.', 'Nullam eorum ini possum gravitaris non sale aliquid.', 'Possit quae tolerretin studia sed.', 'd9ba6bc2-582d-5689-918b-79c624ad6626', DEFAULT, DEFAULT), ('0ebdee9c-781b-5087-8f6c-e4230397a75b', 'Quasi maximi ipso dicensiones gaudem, per im fautrica nihille verterum possimilius hoc eo.', 'Hic delecta rem utrum as verbi horresponsum qui, docti modare nostris sic dolorum et fidem ut.', 'Beateque horres ea comprehenti ensa delectitud summa, nos omnes ant se tibusanes iret.', '3537046b-2c0f-5ae0-9e14-f1783050ae30', DEFAULT, DEFAULT), ('f0544664-6341-5d42-ab54-7b988378d75e', 'Expetu qua tamendi modi exedunt nam ilem.', 'Obcaecate non sunt es undit sed, uti quod torquatum ipso converi eum.', 'Legimus quam dicebo alias semperdido modo, involuptat fieri ne depravaris es.', 'ee86d007-6379-5d1f-b020-1337f93a42a3', DEFAULT, DEFAULT), ('5b6e5e72-c1ae-5814-800d-c5a0c590e88c', 'Idieque contra naturbes aut ut, non ab grate haeretis concursiones.', 'Aut se mea vivenim cum spernatus in natura, es per rata sinatomnis quaerim.', 'Epicuro ut fastidium primo ut aliae.', '848f6ee3-9413-510f-ac77-4f5e670a3ec2', DEFAULT, DEFAULT), ('ed268209-7f5a-576f-b8ee-a7e9a7ff3e7e', 'Antur es quam non eo quid dicit quid, inter te satis reliquid ad eum contra omus.', 'Adiunt sublatina tam in appellat non dictum.', 'A et est se det voluptasse dis virtutem, fugiens fugiat es autemus degenime ea.', '68d472da-5403-5070-a367-87168d594dfb', DEFAULT, DEFAULT), ('10b4c2b1-0983-5a11-a044-097932950f04', 'Loco salut studium tempus ophia haberit ipsam dolorum, beatus sola id non solum placet percusanger.', 'Potest docetur exiternat extremum quidem est, et mutanimped dis antia sit dolormidin quorum.', 'Us haec epicerius dicer potessariae, sublata cordia derignavig dicavere provinquit.', '1193847c-88da-51a2-b8a1-4ea69822ecda', DEFAULT, DEFAULT), ('e476db2a-c2ea-587a-97ee-66e3db9529da', 'Vidi quippiam incia excruciantur neces quo eo, e vel ne horreat naturi.', 'Novum cent satis quidem inmenticar veniri, ii e gravissimus ine praeteri mihi ut.', 'Aut in hinc terrogari hostem autem tam responendar.', 'ed4b4eec-28f5-5e28-9ff7-40874d96a6a3', DEFAULT, DEFAULT), ('a5012932-65fa-5bc5-a307-377680355dbb', 'Difficeren inum probes iucundiae vera repere, aut detractio ido ut tamendae deniquaque.', 'Est esse in esse autem.', 'Et potientiam contra quoniam detracto nec.', '12e5623c-e9a4-5583-bb3a-791a187f3865', DEFAULT, DEFAULT);
INSERT INTO public.availability_requests (id,group_id,created_by,title,description,request_type,requested_date,start_time,end_time,location,is_urgent,is_recurring,recurring_pattern,status,created_at,updated_at) VALUES ('2f023435-9a39-56e4-afd7-89efb408b56c', 'af5fdb23-14a1-50e9-bf7c-45b88c58a0f3', 'f74cb09f-75d8-558f-8f94-14b928aa49c7', 'Int initur ipsa e quae qui.', 'Sunt autem fuisse e et voluit discorrecte fieri, beate numerti aut altercaptios posset.', 'social_visit', '2020-08-28', '23:59:15', '02:16:10', 'Est utrisque dicer huic a navigat, iis doctrina a utintegris exedo dixita mundi in.', DEFAULT, DEFAULT, '{"Saepti":"Corpore lucilius nec"}', DEFAULT, DEFAULT, DEFAULT), ('951e4229-1990-50f7-92ee-b45d2425f594', '5690c166-4d69-5531-8c54-7dbcd82cd339', 'da3ea896-9ba9-576a-a166-9f22b2c357d4', 'Consul ad ime si quae.', 'Iudicitur paene id his animum, parta ipsa diligitia veri etura omnium natur.', 'emergency', '2020-08-16', '22:12:17', '02:17:54', 'Addido praeterentur nisi is quae tam et, contra extremo ipsam cursionest etiam.', DEFAULT, DEFAULT, '{"Dicam":"Perspici nutu nos"}', DEFAULT, DEFAULT, DEFAULT), ('e322acb5-4f57-591d-bf18-e0f2cc91681b', '5978e26d-a6c9-5029-b1d5-e6dac43b89b0', '178341e2-46e9-560b-badb-4a0508330aa1', 'Soliterim cum es optionem tamque commeminteg.', 'Necest huic dicta omum dissent legenimus quae.', 'transportation', '2020-07-27', '17:32:29', '17:56:26', 'Ac sed platonium quoque sit tere pleriquando.', DEFAULT, DEFAULT, '{"Esse":"Sumus referea"}', DEFAULT, DEFAULT, DEFAULT), ('4d800e61-01f2-5854-8f35-0e6da17e7799', '0ebdee9c-781b-5087-8f6c-e4230397a75b', '3105c25d-bc1f-5eda-a1e4-280777bd246e', 'Ipsa melius qui doloriantur natur ipsius motum.', 'Doloria uti ei tradunt bonorumque omnemo anim, quae civest eque nec antur ipso mollis.', 'event_help', '2020-12-25', '03:26:23', '03:36:50', 'Id nulla ea epicur et neque pondere proviniucun, ut facil esse aiebatis a sus quam.', DEFAULT, DEFAULT, '{"Sit":"Ocritea amur"}', DEFAULT, DEFAULT, DEFAULT), ('5e799725-70a2-5ac2-a6a9-b25cfe200e98', 'f0544664-6341-5d42-ab54-7b988378d75e', 'd5e67467-7234-50ae-9518-05f16679ef36', 'Feriorem videt gravis ab etiam appetendum non chorus.', 'Rerum quo posse fore temnere cognitiae ipsumus naturbanit.', 'social_visit', '2020-07-07', '16:57:15', '20:33:35', 'Nec inhaereret inas ne idem, saxum am hunc chremesse hoc nihil est faceritus.', DEFAULT, DEFAULT, '{"Iucunum":"Cum albucius"}', DEFAULT, DEFAULT, DEFAULT), ('68c8d659-d923-560b-b06d-37ac4e3efe86', '5b6e5e72-c1ae-5814-800d-c5a0c590e88c', '2d4ddc2a-ac9d-5c9c-9c1d-83534022cf25', 'Oblique nutu possimamet ad aut.', 'Quibus ut tam praesensibi epicur dolorumen entur in.', 'transportation', '2020-12-04', '07:15:17', '08:56:15', 'Et quod est etur coercendi quaerim exquisque putentur.', DEFAULT, DEFAULT, '{"Audiri":"Didissimi iudicium"}', DEFAULT, DEFAULT, DEFAULT), ('dd3f009b-5b09-5e85-8254-864f245a20d0', 'ed268209-7f5a-576f-b8ee-a7e9a7ff3e7e', 'd7c834b0-5654-558e-900a-d6ba08fd8414', 'Consequitat or inertunam ut non postulet statu.', 'Alientiam dolorum vel e quod escent etiam, currunt dicam sunt eum haec tur nihilesse.', 'social_visit', '2020-11-23', '21:56:12', '16:28:57', 'Iudicanim aut sublata non iactare sapientiamus sitne triariusque.', DEFAULT, DEFAULT, '{"Enimus":"Pararchitec potuimur"}', DEFAULT, DEFAULT, DEFAULT), ('0b48882e-7f71-55fb-9953-4b11b214e483', '10b4c2b1-0983-5a11-a044-097932950f04', 'ced0f721-8321-501b-90ae-9f8339bbaa04', 'Quae eo modo si autem ine legimpendet.', 'Voluptatem ad non propterum graecum principitia afrantur possit.', 'emergency', '2020-01-01', '19:35:57', '08:08:32', 'A voluptatib in praetulla tota, nis et quam ducem aut natus magista.', DEFAULT, DEFAULT, '{"Habet":"Hoc eo"}', DEFAULT, DEFAULT, DEFAULT), ('9f355f25-2a12-5a66-960d-567b6c3dd373', 'e476db2a-c2ea-587a-97ee-66e3db9529da', '6339c8d5-5538-5152-8ab0-22e9d8ec9ff2', 'Gravis et concur venirca quidem tam numendi etur.', 'Sapiendore aut te e corrupte.', 'transportation', '2020-11-19', '16:28:58', '13:01:17', 'Quibus etureum et temporis poena ab iudicit eo.', DEFAULT, DEFAULT, '{"Illud":"Quodsi ac"}', DEFAULT, DEFAULT, DEFAULT), ('e48f000f-5439-5337-8445-6d55ccf9e3d8', 'a5012932-65fa-5bc5-a307-377680355dbb', 'e33b06b2-4df5-543a-9b3b-f8fcaf943180', 'Quod sic invideatur pro laudarbitrer eadem, sempercipit scilicurus nihil expecunde et deniqua.', 'Modi in officiunt malista quem, dolores comitiam quietemus endum possunt caeco iudicium orem.', 'childcare', '2020-10-26', '07:33:56', '11:01:59', 'In gravit idem neque in quarum est.', DEFAULT, DEFAULT, '{"Audeamus":"Beatae ut intellegim"}', DEFAULT, DEFAULT, DEFAULT);
INSERT INTO public.request_recipients (id,request_id,recipient_id,sent_at) VALUES ('68ddcf7c-1364-5ce7-9da3-8909aec7343d', '2f023435-9a39-56e4-afd7-89efb408b56c', 'ebc916d2-96eb-5f3d-8a3b-f5ec79b41210', DEFAULT), ('3e7537e3-79ca-5f7c-bd85-8bcc75014896', '951e4229-1990-50f7-92ee-b45d2425f594', '9626dc1f-a24d-5105-8b08-42ad230f6b4b', DEFAULT), ('205649af-9c32-5ffb-b670-f8ba9ad96ccd', 'e322acb5-4f57-591d-bf18-e0f2cc91681b', '8c1afd1e-d55b-5643-b99c-baca57515fdf', DEFAULT), ('177137ea-29bd-5da1-8edc-0a78d3d102b3', '4d800e61-01f2-5854-8f35-0e6da17e7799', '27852f97-dabd-5d08-bccc-8fb70e9b2d33', DEFAULT), ('d865f9bd-4525-5907-875b-402177838917', '5e799725-70a2-5ac2-a6a9-b25cfe200e98', 'e4dcc6b9-e500-5f89-b7b2-72f4f4402b8a', DEFAULT), ('8a162f9e-6b09-562d-8a4b-fdd2466cfa26', '68c8d659-d923-560b-b06d-37ac4e3efe86', '609cc0c8-720a-5fd3-86e8-4a895f8468ef', DEFAULT), ('ca8dc750-15d9-5371-a5c0-31cf507e178a', 'dd3f009b-5b09-5e85-8254-864f245a20d0', 'df21c5fb-669d-5bad-969e-787507725ad1', DEFAULT), ('8cddf354-a307-509c-ae24-4a7fca0465ea', '0b48882e-7f71-55fb-9953-4b11b214e483', '4213d3fb-ac25-58e0-9bc2-0c9c7df7d3e1', DEFAULT), ('0a377722-ddbc-543c-b39f-4cf25f392bb2', '9f355f25-2a12-5a66-960d-567b6c3dd373', '4abc1416-afc7-5f6b-944b-36e7ad5b80e3', DEFAULT), ('c5cd7091-6cb1-501e-851a-5d8686a5393b', 'e48f000f-5439-5337-8445-6d55ccf9e3d8', '35fabf30-968b-5803-8443-77fed1566327', DEFAULT);
